[{"model": "admin_interface.theme", "pk": 1, "fields": {"name": "Django", "active": true, "title": "Django administration", "title_color": "#F5DD5D", "title_visible": true, "logo": "", "logo_color": "#FFFFFF", "logo_max_width": 400, "logo_max_height": 100, "logo_visible": true, "favicon": "", "env_name": "", "env_color": "#E74C3C", "env_visible_in_header": true, "env_visible_in_favicon": true, "language_chooser_active": true, "language_chooser_display": "code", "css_header_background_color": "#0C4B33", "css_header_text_color": "#44B78B", "css_header_link_color": "#FFFFFF", "css_header_link_hover_color": "#C9F0DD", "css_module_background_color": "#44B78B", "css_module_background_selected_color": "#FFFFCC", "css_module_text_color": "#FFFFFF", "css_module_link_color": "#FFFFFF", "css_module_link_selected_color": "#FFFFFF", "css_module_link_hover_color": "#C9F0DD", "css_module_rounded_corners": true, "css_generic_link_color": "#0C3C26", "css_generic_link_hover_color": "#156641", "css_save_button_background_color": "#0C4B33", "css_save_button_background_hover_color": "#0C3C26", "css_save_button_text_color": "#FFFFFF", "css_delete_button_background_color": "#BA2121", "css_delete_button_background_hover_color": "#A41515", "css_delete_button_text_color": "#FFFFFF", "related_modal_active": true, "related_modal_background_color": "#000000", "related_modal_background_opacity": "0.2", "related_modal_rounded_corners": true, "related_modal_close_button_visible": true, "list_filter_dropdown": false, "list_filter_sticky": true, "foldable_apps": true, "recent_actions_visible": true, "form_submit_sticky": false, "form_pagination_sticky": false}}, {"model": "admin.logentry", "pk": 1, "fields": {"action_time": "2022-02-16T22:39:26.107Z", "user": 1, "content_type": 18, "object_id": "2", "object_repr": "ay@yahoo.com", "action_flag": 3, "change_message": ""}}, {"model": "admin.logentry", "pk": 2, "fields": {"action_time": "2022-02-16T22:43:12.661Z", "user": 1, "content_type": 18, "object_id": "3", "object_repr": "ay@yahoo.com", "action_flag": 3, "change_message": ""}}, {"model": "admin.logentry", "pk": 3, "fields": {"action_time": "2022-02-16T22:50:14.728Z", "user": 1, "content_type": 18, "object_id": "4", "object_repr": "ay@yahoo.com", "action_flag": 3, "change_message": ""}}, {"model": "admin.logentry", "pk": 4, "fields": {"action_time": "2022-02-16T22:53:17.048Z", "user": 1, "content_type": 18, "object_id": "5", "object_repr": "ay@yahoo.com", "action_flag": 3, "change_message": ""}}, {"model": "admin.logentry", "pk": 5, "fields": {"action_time": "2022-02-16T22:55:50.480Z", "user": 1, "content_type": 18, "object_id": "6", "object_repr": "sergeyitalykiev@gmail.com", "action_flag": 3, "change_message": ""}}, {"model": "admin.logentry", "pk": 6, "fields": {"action_time": "2022-02-16T22:58:52.555Z", "user": 1, "content_type": 18, "object_id": "7", "object_repr": "sergeyitalykiev@gmail.com", "action_flag": 3, "change_message": ""}}, {"model": "admin.logentry", "pk": 7, "fields": {"action_time": "2022-02-16T23:03:18.145Z", "user": 1, "content_type": 18, "object_id": "8", "object_repr": "sergeyitalykiev@gmail.com", "action_flag": 3, "change_message": ""}}, {"model": "admin.logentry", "pk": 8, "fields": {"action_time": "2022-02-16T23:07:02.435Z", "user": 1, "content_type": 11, "object_id": "1", "object_repr": "127.0.0.1:8000", "action_flag": 2, "change_message": "[{\"changed\": {\"fields\": [\"Domain name\"]}}]"}}, {"model": "admin.logentry", "pk": 9, "fields": {"action_time": "2022-02-16T23:07:11.565Z", "user": 1, "content_type": 18, "object_id": "9", "object_repr": "sergeyitalykiev@gmail.com", "action_flag": 3, "change_message": ""}}, {"model": "admin.logentry", "pk": 10, "fields": {"action_time": "2022-02-16T23:09:15.335Z", "user": 1, "content_type": 18, "object_id": "10", "object_repr": "ay@yahoo.com", "action_flag": 3, "change_message": ""}}, {"model": "admin.logentry", "pk": 11, "fields": {"action_time": "2022-02-16T23:12:29.466Z", "user": 1, "content_type": 18, "object_id": "11", "object_repr": "sergeyitalykiev@gmail.com", "action_flag": 3, "change_message": ""}}, {"model": "admin.logentry", "pk": 12, "fields": {"action_time": "2022-02-16T23:15:01.021Z", "user": 1, "content_type": 18, "object_id": "12", "object_repr": "ay@yahoo.com", "action_flag": 3, "change_message": ""}}, {"model": "admin.logentry", "pk": 13, "fields": {"action_time": "2022-02-16T23:16:59.390Z", "user": 1, "content_type": 18, "object_id": "13", "object_repr": "ay@yahoo.com", "action_flag": 3, "change_message": ""}}, {"model": "admin.logentry", "pk": 14, "fields": {"action_time": "2022-02-16T23:17:14.325Z", "user": 1, "content_type": 18, "object_id": "14", "object_repr": "ay@yahoo.com", "action_flag": 3, "change_message": ""}}, {"model": "admin.logentry", "pk": 15, "fields": {"action_time": "2022-02-16T23:20:44.870Z", "user": 1, "content_type": 18, "object_id": "15", "object_repr": "sergeyitalykiev@gmail.com", "action_flag": 3, "change_message": ""}}, {"model": "admin.logentry", "pk": 16, "fields": {"action_time": "2022-02-16T23:24:49.801Z", "user": 1, "content_type": 18, "object_id": "16", "object_repr": "ay@yahoo.com", "action_flag": 3, "change_message": ""}}, {"model": "admin.logentry", "pk": 17, "fields": {"action_time": "2022-02-16T23:28:47.759Z", "user": 1, "content_type": 18, "object_id": "17", "object_repr": "ay@yahoo.com", "action_flag": 3, "change_message": ""}}, {"model": "admin.logentry", "pk": 18, "fields": {"action_time": "2022-02-16T23:34:44.346Z", "user": 1, "content_type": 18, "object_id": "18", "object_repr": "ay@yahoo.com", "action_flag": 3, "change_message": ""}}, {"model": "admin.logentry", "pk": 19, "fields": {"action_time": "2022-02-16T23:37:51.949Z", "user": 1, "content_type": 18, "object_id": "19", "object_repr": "ay@yahoo.com", "action_flag": 3, "change_message": ""}}, {"model": "admin.logentry", "pk": 20, "fields": {"action_time": "2022-02-16T23:43:25.365Z", "user": 1, "content_type": 18, "object_id": "20", "object_repr": "sergeyitalykiev@gmail.com", "action_flag": 3, "change_message": ""}}, {"model": "admin.logentry", "pk": 21, "fields": {"action_time": "2022-02-16T23:53:43.337Z", "user": 1, "content_type": 18, "object_id": "23", "object_repr": "s@yahoo.com", "action_flag": 3, "change_message": ""}}, {"model": "admin.logentry", "pk": 22, "fields": {"action_time": "2022-02-16T23:53:43.361Z", "user": 1, "content_type": 18, "object_id": "22", "object_repr": "ser@yahoo.com", "action_flag": 3, "change_message": ""}}, {"model": "admin.logentry", "pk": 23, "fields": {"action_time": "2022-02-16T23:53:43.377Z", "user": 1, "content_type": 18, "object_id": "21", "object_repr": "sergeyitalykiev@gmail.com", "action_flag": 3, "change_message": ""}}, {"model": "admin.logentry", "pk": 24, "fields": {"action_time": "2022-02-17T09:39:14.038Z", "user": 1, "content_type": 18, "object_id": "25", "object_repr": "sergey@gmail.com", "action_flag": 3, "change_message": ""}}, {"model": "admin.logentry", "pk": 25, "fields": {"action_time": "2022-02-17T09:39:14.046Z", "user": 1, "content_type": 18, "object_id": "26", "object_repr": "sergeyitalykiev@gmail.com", "action_flag": 3, "change_message": ""}}, {"model": "admin.logentry", "pk": 26, "fields": {"action_time": "2022-02-17T09:39:14.062Z", "user": 1, "content_type": 18, "object_id": "24", "object_repr": "sergey@yahoo.com", "action_flag": 3, "change_message": ""}}, {"model": "admin.logentry", "pk": 27, "fields": {"action_time": "2022-02-17T09:41:25.447Z", "user": 1, "content_type": 18, "object_id": "27", "object_repr": "sergeyitalykiev@gmail.com", "action_flag": 3, "change_message": ""}}, {"model": "admin.logentry", "pk": 28, "fields": {"action_time": "2022-02-17T09:42:35.115Z", "user": 1, "content_type": 18, "object_id": "28", "object_repr": "sergeyitalykiev@gmail.com", "action_flag": 3, "change_message": ""}}, {"model": "admin.logentry", "pk": 29, "fields": {"action_time": "2022-02-17T09:43:24.947Z", "user": 1, "content_type": 18, "object_id": "29", "object_repr": "sergeyitalykiev@gmail.com", "action_flag": 3, "change_message": ""}}, {"model": "admin.logentry", "pk": 30, "fields": {"action_time": "2022-02-17T09:44:40.292Z", "user": 1, "content_type": 18, "object_id": "1", "object_repr": "sergey@yahoo.com", "action_flag": 2, "change_message": "[{\"changed\": {\"fields\": [\"Email\"]}}]"}}, {"model": "admin.logentry", "pk": 31, "fields": {"action_time": "2022-02-17T09:44:46.637Z", "user": 1, "content_type": 18, "object_id": "30", "object_repr": "sergeyitalykiev@gmail.com", "action_flag": 3, "change_message": ""}}, {"model": "admin.logentry", "pk": 32, "fields": {"action_time": "2022-02-17T09:46:31.465Z", "user": 1, "content_type": 18, "object_id": "31", "object_repr": "sergeyitaly@yahoo.com", "action_flag": 3, "change_message": ""}}, {"model": "admin.logentry", "pk": 33, "fields": {"action_time": "2022-02-17T10:05:04.339Z", "user": 1, "content_type": 18, "object_id": "32", "object_repr": "sergeyitalykiev@gmail.com", "action_flag": 3, "change_message": ""}}, {"model": "admin.logentry", "pk": 34, "fields": {"action_time": "2022-02-17T10:06:43.234Z", "user": 1, "content_type": 18, "object_id": "33", "object_repr": "sergeyitalykiev@gmail.com", "action_flag": 3, "change_message": ""}}, {"model": "admin.logentry", "pk": 35, "fields": {"action_time": "2022-02-17T10:08:11.106Z", "user": 1, "content_type": 18, "object_id": "34", "object_repr": "sergeyitaly@yahoo.com", "action_flag": 3, "change_message": ""}}, {"model": "admin.logentry", "pk": 36, "fields": {"action_time": "2022-02-17T10:08:11.126Z", "user": 1, "content_type": 18, "object_id": "35", "object_repr": "sergeyitalykiev@gmail.com", "action_flag": 3, "change_message": ""}}, {"model": "admin.logentry", "pk": 37, "fields": {"action_time": "2022-02-17T10:09:57.239Z", "user": 1, "content_type": 18, "object_id": "36", "object_repr": "sergeyitalykiev@gmail.com", "action_flag": 3, "change_message": ""}}, {"model": "admin.logentry", "pk": 38, "fields": {"action_time": "2022-02-17T10:23:02.696Z", "user": 1, "content_type": 18, "object_id": "37", "object_repr": "sergeyitalykiev@gmail.com", "action_flag": 3, "change_message": ""}}, {"model": "admin.logentry", "pk": 39, "fields": {"action_time": "2022-02-17T10:53:59.911Z", "user": 1, "content_type": 18, "object_id": "38", "object_repr": "sergeyitaly@yahoo.com", "action_flag": 3, "change_message": ""}}, {"model": "admin.logentry", "pk": 40, "fields": {"action_time": "2022-02-17T10:55:31.626Z", "user": 1, "content_type": 18, "object_id": "39", "object_repr": "sergeyitalykiev@gmail.com", "action_flag": 3, "change_message": ""}}, {"model": "admin.logentry", "pk": 41, "fields": {"action_time": "2022-02-17T10:58:45.925Z", "user": 1, "content_type": 18, "object_id": "40", "object_repr": "serg@yahoo.com", "action_flag": 3, "change_message": ""}}, {"model": "admin.logentry", "pk": 42, "fields": {"action_time": "2022-02-17T10:58:45.933Z", "user": 1, "content_type": 18, "object_id": "41", "object_repr": "sergeyitalykiev@gmail.com", "action_flag": 3, "change_message": ""}}, {"model": "admin.logentry", "pk": 43, "fields": {"action_time": "2022-02-17T10:59:19.913Z", "user": 1, "content_type": 18, "object_id": "42", "object_repr": "sergeyitalykiev@gmail.com", "action_flag": 3, "change_message": ""}}, {"model": "admin.logentry", "pk": 44, "fields": {"action_time": "2022-02-17T11:00:43.616Z", "user": 1, "content_type": 18, "object_id": "43", "object_repr": "sergeyitalykiev@gmail.com", "action_flag": 3, "change_message": ""}}, {"model": "admin.logentry", "pk": 45, "fields": {"action_time": "2022-02-17T11:01:48.036Z", "user": 1, "content_type": 18, "object_id": "44", "object_repr": "sergeyitalykiev@gmail.com", "action_flag": 3, "change_message": ""}}, {"model": "admin.logentry", "pk": 46, "fields": {"action_time": "2022-02-17T11:03:00.280Z", "user": 1, "content_type": 18, "object_id": "45", "object_repr": "sergeyitalykiev@gmail.com", "action_flag": 3, "change_message": ""}}, {"model": "admin.logentry", "pk": 47, "fields": {"action_time": "2022-02-17T11:04:05.086Z", "user": 1, "content_type": 18, "object_id": "46", "object_repr": "serg@yahoo.com", "action_flag": 3, "change_message": ""}}, {"model": "admin.logentry", "pk": 48, "fields": {"action_time": "2022-02-17T11:11:24.302Z", "user": 1, "content_type": 18, "object_id": "47", "object_repr": "serg@yahoo.com", "action_flag": 3, "change_message": ""}}, {"model": "admin.logentry", "pk": 49, "fields": {"action_time": "2022-02-17T11:11:24.350Z", "user": 1, "content_type": 18, "object_id": "48", "object_repr": "sergeyitalykiev@gmail.com", "action_flag": 3, "change_message": ""}}, {"model": "admin.logentry", "pk": 50, "fields": {"action_time": "2022-02-17T11:16:00.593Z", "user": 1, "content_type": 18, "object_id": "49", "object_repr": "sergeyitalykiev@gmail.com", "action_flag": 3, "change_message": ""}}, {"model": "admin.logentry", "pk": 51, "fields": {"action_time": "2022-02-17T14:08:06.695Z", "user": 1, "content_type": 18, "object_id": "50", "object_repr": "sergeyitalykiev@gmail.com", "action_flag": 3, "change_message": ""}}, {"model": "admin.logentry", "pk": 52, "fields": {"action_time": "2022-02-17T14:19:52.874Z", "user": 1, "content_type": 18, "object_id": "51", "object_repr": "sergeyitalykiev@gmail.com", "action_flag": 3, "change_message": ""}}, {"model": "admin.logentry", "pk": 53, "fields": {"action_time": "2022-02-17T14:21:39.583Z", "user": 1, "content_type": 18, "object_id": "52", "object_repr": "sergeyitaly@yahoo.com", "action_flag": 3, "change_message": ""}}, {"model": "admin.logentry", "pk": 54, "fields": {"action_time": "2022-02-17T14:23:36.921Z", "user": 1, "content_type": 18, "object_id": "53", "object_repr": "sergeyitaly@yahoo.com", "action_flag": 3, "change_message": ""}}, {"model": "admin.logentry", "pk": 55, "fields": {"action_time": "2022-02-17T14:32:15.623Z", "user": 1, "content_type": 18, "object_id": "54", "object_repr": "sergeyitaly@yahoo.com", "action_flag": 3, "change_message": ""}}, {"model": "admin.logentry", "pk": 56, "fields": {"action_time": "2022-02-17T14:33:19.996Z", "user": 1, "content_type": 18, "object_id": "55", "object_repr": "sergeyitaly@yahoo.com", "action_flag": 2, "change_message": "[{\"changed\": {\"fields\": [\"Active\"]}}]"}}, {"model": "admin.logentry", "pk": 57, "fields": {"action_time": "2022-02-17T14:35:00.117Z", "user": 1, "content_type": 18, "object_id": "55", "object_repr": "sergeyitaly@yahoo.com", "action_flag": 3, "change_message": ""}}, {"model": "admin.logentry", "pk": 58, "fields": {"action_time": "2022-02-17T16:08:26.077Z", "user": 1, "content_type": 18, "object_id": "56", "object_repr": "sergeyitaly@yahoo.com", "action_flag": 3, "change_message": ""}}, {"model": "admin.logentry", "pk": 59, "fields": {"action_time": "2022-02-17T16:14:11.967Z", "user": 1, "content_type": 18, "object_id": "57", "object_repr": "sergeyitaly@yahoo.com", "action_flag": 3, "change_message": ""}}, {"model": "admin.logentry", "pk": 60, "fields": {"action_time": "2022-02-17T16:16:04.382Z", "user": 1, "content_type": 18, "object_id": "58", "object_repr": "sergeyitaly@yahoo.com", "action_flag": 3, "change_message": ""}}, {"model": "admin.logentry", "pk": 61, "fields": {"action_time": "2022-02-17T16:20:00.353Z", "user": 1, "content_type": 18, "object_id": "59", "object_repr": "sergeyitaly@yahoo.com", "action_flag": 3, "change_message": ""}}, {"model": "admin.logentry", "pk": 62, "fields": {"action_time": "2022-02-17T16:22:00.369Z", "user": 1, "content_type": 18, "object_id": "60", "object_repr": "sergeyitaly@yahoo.com", "action_flag": 3, "change_message": ""}}, {"model": "admin.logentry", "pk": 63, "fields": {"action_time": "2022-02-17T16:24:30.561Z", "user": 1, "content_type": 11, "object_id": "1", "object_repr": "127.0.0.1:3000", "action_flag": 2, "change_message": "[{\"changed\": {\"fields\": [\"Domain name\"]}}]"}}, {"model": "admin.logentry", "pk": 64, "fields": {"action_time": "2022-02-17T16:24:42.967Z", "user": 1, "content_type": 18, "object_id": "61", "object_repr": "sergeyitaly@yahoo.com", "action_flag": 3, "change_message": ""}}, {"model": "admin.logentry", "pk": 65, "fields": {"action_time": "2022-02-17T16:25:47.325Z", "user": 1, "content_type": 18, "object_id": "62", "object_repr": "sergeyitaly@yahoo.com", "action_flag": 3, "change_message": ""}}, {"model": "admin.logentry", "pk": 66, "fields": {"action_time": "2022-02-17T16:27:09.963Z", "user": 1, "content_type": 18, "object_id": "63", "object_repr": "sergeyitaly@yahoo.com", "action_flag": 3, "change_message": ""}}, {"model": "admin.logentry", "pk": 67, "fields": {"action_time": "2022-02-17T16:33:59.280Z", "user": 1, "content_type": 11, "object_id": "1", "object_repr": "127.0.0.1:8000", "action_flag": 2, "change_message": "[{\"changed\": {\"fields\": [\"Domain name\"]}}]"}}, {"model": "admin.logentry", "pk": 68, "fields": {"action_time": "2022-02-17T17:12:50.487Z", "user": 1, "content_type": 18, "object_id": "64", "object_repr": "sergeyitaly@yahoo.com", "action_flag": 3, "change_message": ""}}, {"model": "admin.logentry", "pk": 69, "fields": {"action_time": "2022-02-17T17:22:52.254Z", "user": 1, "content_type": 18, "object_id": "65", "object_repr": "sergeyitaly@yahoo.com", "action_flag": 3, "change_message": ""}}, {"model": "admin.logentry", "pk": 70, "fields": {"action_time": "2022-02-17T17:23:40.115Z", "user": 1, "content_type": 18, "object_id": "66", "object_repr": "sergeyitaly@yahoo.com", "action_flag": 3, "change_message": ""}}, {"model": "admin.logentry", "pk": 71, "fields": {"action_time": "2022-02-17T17:25:44.707Z", "user": 1, "content_type": 18, "object_id": "67", "object_repr": "sergeyitaly@yahoo.com", "action_flag": 2, "change_message": "[{\"changed\": {\"fields\": [\"Active\"]}}]"}}, {"model": "admin.logentry", "pk": 72, "fields": {"action_time": "2022-02-17T17:26:52.834Z", "user": 1, "content_type": 20, "object_id": "1", "object_repr": "Token for sergey@yahoo.com (f1a9a11298294e8d90100a012f7b8d96)", "action_flag": 3, "change_message": ""}}, {"model": "admin.logentry", "pk": 73, "fields": {"action_time": "2022-02-17T17:31:32.349Z", "user": 1, "content_type": 18, "object_id": "67", "object_repr": "sergeyitaly@yahoo.com", "action_flag": 3, "change_message": ""}}, {"model": "admin.logentry", "pk": 74, "fields": {"action_time": "2022-02-17T17:32:27.341Z", "user": 1, "content_type": 18, "object_id": "68", "object_repr": "sergeyitaly@yahoo.com", "action_flag": 3, "change_message": ""}}, {"model": "admin.logentry", "pk": 75, "fields": {"action_time": "2022-02-17T17:33:41.906Z", "user": 1, "content_type": 18, "object_id": "69", "object_repr": "sergeyitaly@yahoo.com", "action_flag": 3, "change_message": ""}}, {"model": "admin.logentry", "pk": 76, "fields": {"action_time": "2022-02-17T17:47:19.184Z", "user": 1, "content_type": 11, "object_id": "1", "object_repr": "localhost:8000", "action_flag": 2, "change_message": "[{\"changed\": {\"fields\": [\"Domain name\"]}}]"}}, {"model": "admin.logentry", "pk": 77, "fields": {"action_time": "2022-02-17T17:48:21.668Z", "user": 1, "content_type": 18, "object_id": "70", "object_repr": "sergeyitaly@yahoo.com", "action_flag": 3, "change_message": ""}}, {"model": "admin.logentry", "pk": 78, "fields": {"action_time": "2022-02-17T17:49:47.019Z", "user": 1, "content_type": 18, "object_id": "71", "object_repr": "sergeyitaly@yahoo.com", "action_flag": 3, "change_message": ""}}, {"model": "admin.logentry", "pk": 79, "fields": {"action_time": "2022-02-17T17:50:35.879Z", "user": 1, "content_type": 18, "object_id": "72", "object_repr": "sergeyitaly@yahoo.com", "action_flag": 3, "change_message": ""}}, {"model": "admin.logentry", "pk": 80, "fields": {"action_time": "2022-02-17T17:51:52.041Z", "user": 1, "content_type": 18, "object_id": "73", "object_repr": "sergeyitaly@yahoo.com", "action_flag": 3, "change_message": ""}}, {"model": "admin.logentry", "pk": 81, "fields": {"action_time": "2022-02-17T17:52:48.161Z", "user": 1, "content_type": 11, "object_id": "1", "object_repr": "localhost:3000", "action_flag": 2, "change_message": "[{\"changed\": {\"fields\": [\"Domain name\"]}}]"}}, {"model": "admin.logentry", "pk": 82, "fields": {"action_time": "2022-02-17T17:52:57.155Z", "user": 1, "content_type": 18, "object_id": "74", "object_repr": "sergeyitaly@yahoo.com", "action_flag": 3, "change_message": ""}}, {"model": "admin.logentry", "pk": 83, "fields": {"action_time": "2022-02-17T17:56:24.555Z", "user": 1, "content_type": 18, "object_id": "75", "object_repr": "sergeyitaly@yahoo.com", "action_flag": 3, "change_message": ""}}, {"model": "admin.logentry", "pk": 84, "fields": {"action_time": "2022-02-17T17:57:11.157Z", "user": 1, "content_type": 18, "object_id": "76", "object_repr": "sergeyitaly@yahoo.com", "action_flag": 3, "change_message": ""}}, {"model": "admin.logentry", "pk": 85, "fields": {"action_time": "2022-02-17T18:01:19.893Z", "user": 1, "content_type": 18, "object_id": "77", "object_repr": "sergeyitaly@yahoo.com", "action_flag": 3, "change_message": ""}}, {"model": "admin.logentry", "pk": 86, "fields": {"action_time": "2022-02-17T18:07:55.774Z", "user": 1, "content_type": 18, "object_id": "78", "object_repr": "sergeyitaly@yahoo.com", "action_flag": 3, "change_message": ""}}, {"model": "admin.logentry", "pk": 87, "fields": {"action_time": "2022-02-17T18:12:11.036Z", "user": 1, "content_type": 18, "object_id": "79", "object_repr": "sergeyitaly@yahoo.com", "action_flag": 3, "change_message": ""}}, {"model": "admin.logentry", "pk": 88, "fields": {"action_time": "2022-02-17T18:15:09.577Z", "user": 1, "content_type": 18, "object_id": "80", "object_repr": "sergeyitaly@yahoo.com", "action_flag": 3, "change_message": ""}}, {"model": "admin.logentry", "pk": 89, "fields": {"action_time": "2022-02-17T18:17:08.749Z", "user": 1, "content_type": 18, "object_id": "81", "object_repr": "sergeyitaly@yahoo.com", "action_flag": 3, "change_message": ""}}, {"model": "admin.logentry", "pk": 90, "fields": {"action_time": "2022-02-17T18:23:17.405Z", "user": 1, "content_type": 18, "object_id": "82", "object_repr": "sergeyitaly@yahoo.com", "action_flag": 3, "change_message": ""}}, {"model": "admin.logentry", "pk": 91, "fields": {"action_time": "2022-02-17T18:31:28.030Z", "user": 1, "content_type": 18, "object_id": "83", "object_repr": "sergeyitaly@yahoo.com", "action_flag": 3, "change_message": ""}}, {"model": "admin.logentry", "pk": 92, "fields": {"action_time": "2022-02-17T18:37:18.777Z", "user": 1, "content_type": 18, "object_id": "84", "object_repr": "sergeyitaly@yahoo.com", "action_flag": 3, "change_message": ""}}, {"model": "admin.logentry", "pk": 93, "fields": {"action_time": "2022-02-17T18:38:26.837Z", "user": 1, "content_type": 18, "object_id": "85", "object_repr": "sergeyitaly@yahoo.com", "action_flag": 3, "change_message": ""}}, {"model": "admin.logentry", "pk": 94, "fields": {"action_time": "2022-02-17T18:40:37.902Z", "user": 1, "content_type": 18, "object_id": "86", "object_repr": "sergeyitaly@yahoo.com", "action_flag": 3, "change_message": ""}}, {"model": "admin.logentry", "pk": 95, "fields": {"action_time": "2022-02-17T18:41:28.484Z", "user": 1, "content_type": 18, "object_id": "87", "object_repr": "sergeyitaly@yahoo.com", "action_flag": 3, "change_message": ""}}, {"model": "admin.logentry", "pk": 96, "fields": {"action_time": "2022-02-17T18:43:37.634Z", "user": 1, "content_type": 18, "object_id": "88", "object_repr": "sergeyitaly@yahoo.com", "action_flag": 3, "change_message": ""}}, {"model": "admin.logentry", "pk": 97, "fields": {"action_time": "2022-02-17T18:45:58.811Z", "user": 1, "content_type": 18, "object_id": "89", "object_repr": "sergeyitaly@yahoo.com", "action_flag": 3, "change_message": ""}}, {"model": "admin.logentry", "pk": 98, "fields": {"action_time": "2022-02-17T18:46:56.790Z", "user": 1, "content_type": 18, "object_id": "90", "object_repr": "sergeyitaly@yahoo.com", "action_flag": 3, "change_message": ""}}, {"model": "admin.logentry", "pk": 99, "fields": {"action_time": "2022-02-17T18:59:31.174Z", "user": 1, "content_type": 18, "object_id": "91", "object_repr": "sergeyitaly@yahoo.com", "action_flag": 3, "change_message": ""}}, {"model": "admin.logentry", "pk": 100, "fields": {"action_time": "2022-02-17T19:01:13.615Z", "user": 1, "content_type": 18, "object_id": "92", "object_repr": "sergeyitaly@yahoo.com", "action_flag": 3, "change_message": ""}}, {"model": "admin.logentry", "pk": 101, "fields": {"action_time": "2022-02-17T19:24:41.252Z", "user": 1, "content_type": 18, "object_id": "93", "object_repr": "sergeyitaly@yahoo.com", "action_flag": 3, "change_message": ""}}, {"model": "admin.logentry", "pk": 102, "fields": {"action_time": "2022-02-17T19:54:01.976Z", "user": 1, "content_type": 11, "object_id": "1", "object_repr": "localhost:8000", "action_flag": 2, "change_message": "[{\"changed\": {\"fields\": [\"Domain name\"]}}]"}}, {"model": "admin.logentry", "pk": 103, "fields": {"action_time": "2022-02-17T19:54:26.190Z", "user": 1, "content_type": 18, "object_id": "94", "object_repr": "sergeyitaly@yahoo.com", "action_flag": 3, "change_message": ""}}, {"model": "admin.logentry", "pk": 104, "fields": {"action_time": "2022-02-17T19:56:11.172Z", "user": 1, "content_type": 11, "object_id": "1", "object_repr": "localhost:3000", "action_flag": 2, "change_message": "[{\"changed\": {\"fields\": [\"Domain name\"]}}]"}}, {"model": "admin.logentry", "pk": 105, "fields": {"action_time": "2022-02-17T19:56:19.677Z", "user": 1, "content_type": 18, "object_id": "95", "object_repr": "sergeyitaly@yahoo.com", "action_flag": 3, "change_message": ""}}, {"model": "admin.logentry", "pk": 106, "fields": {"action_time": "2022-02-17T20:08:51.553Z", "user": 1, "content_type": 18, "object_id": "96", "object_repr": "sergeyitaly@yahoo.com", "action_flag": 3, "change_message": ""}}, {"model": "admin.logentry", "pk": 107, "fields": {"action_time": "2022-02-17T20:20:19.532Z", "user": 1, "content_type": 18, "object_id": "97", "object_repr": "sergeyitaly@yahoo.com", "action_flag": 3, "change_message": ""}}, {"model": "admin.logentry", "pk": 108, "fields": {"action_time": "2022-02-17T21:18:22.945Z", "user": 1, "content_type": 18, "object_id": "98", "object_repr": "sergeyitaly@yahoo.com", "action_flag": 3, "change_message": ""}}, {"model": "admin.logentry", "pk": 109, "fields": {"action_time": "2022-02-17T21:20:48.381Z", "user": 1, "content_type": 18, "object_id": "99", "object_repr": "sergeyitaly@yahoo.com", "action_flag": 3, "change_message": ""}}, {"model": "admin.logentry", "pk": 110, "fields": {"action_time": "2022-02-17T21:26:21.539Z", "user": 1, "content_type": 18, "object_id": "100", "object_repr": "sergeyitaly@yahoo.com", "action_flag": 3, "change_message": ""}}, {"model": "admin.logentry", "pk": 111, "fields": {"action_time": "2022-02-17T22:07:11.740Z", "user": 1, "content_type": 18, "object_id": "101", "object_repr": "sergeyitaly@yahoo.com", "action_flag": 3, "change_message": ""}}, {"model": "admin.logentry", "pk": 112, "fields": {"action_time": "2022-02-17T22:14:51.226Z", "user": 1, "content_type": 1, "object_id": "1", "object_repr": "Django", "action_flag": 2, "change_message": "[{\"changed\": {\"fields\": [\"Background color\", \"Background color\", \"Background hover color\"]}}]"}}, {"model": "admin.logentry", "pk": 113, "fields": {"action_time": "2022-02-17T22:15:32.713Z", "user": 1, "content_type": 1, "object_id": "1", "object_repr": "Django", "action_flag": 2, "change_message": "[{\"changed\": {\"fields\": [\"Background color\", \"Text color\"]}}]"}}, {"model": "admin.logentry", "pk": 114, "fields": {"action_time": "2022-02-17T22:15:46.505Z", "user": 1, "content_type": 1, "object_id": "1", "object_repr": "Django", "action_flag": 2, "change_message": "[{\"changed\": {\"fields\": [\"Background color\"]}}]"}}, {"model": "admin.logentry", "pk": 115, "fields": {"action_time": "2022-02-17T22:16:42.584Z", "user": 1, "content_type": 1, "object_id": "1", "object_repr": "Django", "action_flag": 2, "change_message": "[{\"changed\": {\"fields\": [\"Favicon\"]}}]"}}, {"model": "admin.logentry", "pk": 116, "fields": {"action_time": "2022-02-17T22:17:12.457Z", "user": 1, "content_type": 1, "object_id": "1", "object_repr": "Django", "action_flag": 2, "change_message": "[{\"changed\": {\"fields\": [\"Color\", \"Title\"]}}]"}}, {"model": "admin.logentry", "pk": 117, "fields": {"action_time": "2022-02-17T22:17:29.595Z", "user": 1, "content_type": 1, "object_id": "1", "object_repr": "Django", "action_flag": 2, "change_message": "[]"}}, {"model": "admin.logentry", "pk": 118, "fields": {"action_time": "2022-02-17T22:17:48.563Z", "user": 1, "content_type": 1, "object_id": "1", "object_repr": "Django", "action_flag": 2, "change_message": "[{\"changed\": {\"fields\": [\"Logo\"]}}]"}}, {"model": "admin.logentry", "pk": 119, "fields": {"action_time": "2022-02-17T22:18:06.574Z", "user": 1, "content_type": 1, "object_id": "1", "object_repr": "Django", "action_flag": 2, "change_message": "[{\"changed\": {\"fields\": [\"Max height\"]}}]"}}, {"model": "admin.logentry", "pk": 120, "fields": {"action_time": "2022-02-18T19:37:22.290Z", "user": 1, "content_type": 18, "object_id": "102", "object_repr": "sergeyitaly@yahoo.com", "action_flag": 3, "change_message": ""}}, {"model": "admin.logentry", "pk": 121, "fields": {"action_time": "2022-02-18T22:34:26.608Z", "user": 1, "content_type": 18, "object_id": "103", "object_repr": "sergeyitaly@yahoo.com", "action_flag": 3, "change_message": ""}}, {"model": "admin.logentry", "pk": 122, "fields": {"action_time": "2022-02-18T22:37:09.189Z", "user": 1, "content_type": 18, "object_id": "104", "object_repr": "sergeyitaly@yahoo.com", "action_flag": 3, "change_message": ""}}, {"model": "admin.logentry", "pk": 123, "fields": {"action_time": "2022-02-18T22:38:47.607Z", "user": 1, "content_type": 18, "object_id": "105", "object_repr": "sergeyitaly@yahoo.com", "action_flag": 3, "change_message": ""}}, {"model": "admin.logentry", "pk": 124, "fields": {"action_time": "2022-02-19T13:01:23.896Z", "user": 1, "content_type": 18, "object_id": "106", "object_repr": "sergeyitaly@yahoo.com", "action_flag": 3, "change_message": ""}}, {"model": "admin.logentry", "pk": 125, "fields": {"action_time": "2022-02-19T13:06:08.134Z", "user": 1, "content_type": 7, "object_id": "6", "object_repr": "watchstraps", "action_flag": 2, "change_message": "[{\"changed\": {\"fields\": [\"Name\"]}}]"}}, {"model": "admin.logentry", "pk": 126, "fields": {"action_time": "2022-02-19T13:06:15.327Z", "user": 1, "content_type": 7, "object_id": "3", "object_repr": "keykedges", "action_flag": 2, "change_message": "[{\"changed\": {\"fields\": [\"Name\"]}}]"}}, {"model": "admin.logentry", "pk": 127, "fields": {"action_time": "2022-02-19T13:10:20.515Z", "user": 1, "content_type": 7, "object_id": "6", "object_repr": "watch straps", "action_flag": 2, "change_message": "[{\"changed\": {\"fields\": [\"Name\"]}}]"}}, {"model": "admin.logentry", "pk": 128, "fields": {"action_time": "2022-02-19T13:11:00.717Z", "user": 1, "content_type": 7, "object_id": "6", "object_repr": "watchstraps", "action_flag": 2, "change_message": "[{\"changed\": {\"fields\": [\"Name\"]}}]"}}, {"model": "admin.logentry", "pk": 129, "fields": {"action_time": "2022-02-21T16:00:36.625Z", "user": 1, "content_type": 7, "object_id": "10", "object_repr": "new products", "action_flag": 1, "change_message": "[{\"added\": {}}]"}}, {"model": "admin.logentry", "pk": 130, "fields": {"action_time": "2022-02-21T16:00:47.868Z", "user": 1, "content_type": 7, "object_id": "9", "object_repr": "fields notes covers", "action_flag": 2, "change_message": "[{\"changed\": {\"fields\": [\"Name\"]}}]"}}, {"model": "admin.logentry", "pk": 131, "fields": {"action_time": "2022-02-21T16:00:52.882Z", "user": 1, "content_type": 7, "object_id": "3", "object_repr": "key kedges", "action_flag": 2, "change_message": "[{\"changed\": {\"fields\": [\"Name\"]}}]"}}, {"model": "admin.logentry", "pk": 132, "fields": {"action_time": "2022-02-21T16:00:57.976Z", "user": 1, "content_type": 7, "object_id": "6", "object_repr": "watch straps", "action_flag": 2, "change_message": "[{\"changed\": {\"fields\": [\"Name\"]}}]"}}, {"model": "admin.logentry", "pk": 133, "fields": {"action_time": "2022-02-21T16:13:07.224Z", "user": 1, "content_type": 8, "object_id": "73", "object_repr": "Leather Camera Strap", "action_flag": 2, "change_message": "[{\"changed\": {\"fields\": [\"Brandimage\"]}}]"}}, {"model": "admin.logentry", "pk": 134, "fields": {"action_time": "2022-02-21T16:13:11.395Z", "user": 1, "content_type": 8, "object_id": "75", "object_repr": "Leather Coaster Set", "action_flag": 2, "change_message": "[{\"changed\": {\"fields\": [\"Brandimage\"]}}]"}}, {"model": "admin.logentry", "pk": 135, "fields": {"action_time": "2022-02-21T16:13:19.623Z", "user": 1, "content_type": 8, "object_id": "80", "object_repr": "Leather Guitar Strap", "action_flag": 2, "change_message": "[{\"changed\": {\"fields\": [\"Brandimage\"]}}]"}}, {"model": "admin.logentry", "pk": 136, "fields": {"action_time": "2022-02-21T16:13:27.918Z", "user": 1, "content_type": 8, "object_id": "77", "object_repr": "Leather Lighter Sleeve", "action_flag": 2, "change_message": "[{\"changed\": {\"fields\": [\"Brandimage\"]}}]"}}, {"model": "admin.logentry", "pk": 137, "fields": {"action_time": "2022-02-21T16:13:32.754Z", "user": 1, "content_type": 8, "object_id": "76", "object_repr": "Leather Parts Bag", "action_flag": 2, "change_message": "[{\"changed\": {\"fields\": [\"Brandimage\"]}}]"}}, {"model": "admin.logentry", "pk": 138, "fields": {"action_time": "2022-02-21T16:13:37.801Z", "user": 1, "content_type": 8, "object_id": "74", "object_repr": "Leather Sunglass Case", "action_flag": 2, "change_message": "[{\"changed\": {\"fields\": [\"Brandimage\"]}}]"}}, {"model": "admin.logentry", "pk": 139, "fields": {"action_time": "2022-02-21T16:13:42.015Z", "user": 1, "content_type": 8, "object_id": "79", "object_repr": "Leather Valet Tray", "action_flag": 2, "change_message": "[]"}}, {"model": "admin.logentry", "pk": 140, "fields": {"action_time": "2022-02-21T16:13:46.846Z", "user": 1, "content_type": 8, "object_id": "81", "object_repr": "Leather Waist Bag", "action_flag": 2, "change_message": "[{\"changed\": {\"fields\": [\"Brandimage\"]}}]"}}, {"model": "admin.logentry", "pk": 141, "fields": {"action_time": "2022-02-21T16:13:48.963Z", "user": 1, "content_type": 8, "object_id": "81", "object_repr": "Leather Waist Bag", "action_flag": 2, "change_message": "[]"}}, {"model": "admin.logentry", "pk": 142, "fields": {"action_time": "2022-02-21T16:13:53.430Z", "user": 1, "content_type": 8, "object_id": "78", "object_repr": "Travel Valet Tray", "action_flag": 2, "change_message": "[{\"changed\": {\"fields\": [\"Brandimage\"]}}]"}}, {"model": "admin.logentry", "pk": 143, "fields": {"action_time": "2022-02-21T16:14:19.792Z", "user": 1, "content_type": 8, "object_id": "12", "object_repr": "Camden Braided Tote", "action_flag": 2, "change_message": "[{\"changed\": {\"fields\": [\"Brandimage\"]}}]"}}, {"model": "admin.logentry", "pk": 144, "fields": {"action_time": "2022-02-21T16:14:31.299Z", "user": 1, "content_type": 8, "object_id": "10", "object_repr": "Denver Travel Duffle Bag", "action_flag": 2, "change_message": "[{\"changed\": {\"fields\": [\"Brandimage\"]}}]"}}, {"model": "admin.logentry", "pk": 145, "fields": {"action_time": "2022-02-21T16:14:36.249Z", "user": 1, "content_type": 8, "object_id": "13", "object_repr": "Leather Madison Tote", "action_flag": 2, "change_message": "[{\"changed\": {\"fields\": [\"Brandimage\"]}}]"}}, {"model": "admin.logentry", "pk": 146, "fields": {"action_time": "2022-02-21T16:14:44.014Z", "user": 1, "content_type": 8, "object_id": "16", "object_repr": "Leather Walker Tote", "action_flag": 2, "change_message": "[{\"changed\": {\"fields\": [\"Brandimage\"]}}]"}}, {"model": "admin.logentry", "pk": 147, "fields": {"action_time": "2022-02-21T16:14:52.012Z", "user": 1, "content_type": 8, "object_id": "15", "object_repr": "Roosevelt Buffalo Messenger Bag", "action_flag": 2, "change_message": "[{\"changed\": {\"fields\": [\"Brandimage\"]}}]"}}, {"model": "admin.logentry", "pk": 148, "fields": {"action_time": "2022-02-21T16:14:57.148Z", "user": 1, "content_type": 8, "object_id": "11", "object_repr": "Ryder Reserve Travel Duffle Bag", "action_flag": 2, "change_message": "[{\"changed\": {\"fields\": [\"Brandimage\"]}}]"}}, {"model": "admin.logentry", "pk": 149, "fields": {"action_time": "2022-02-21T16:15:04.962Z", "user": 1, "content_type": 8, "object_id": "18", "object_repr": "Walker Leather Backpack", "action_flag": 2, "change_message": "[{\"changed\": {\"fields\": [\"Brandimage\"]}}]"}}, {"model": "admin.logentry", "pk": 150, "fields": {"action_time": "2022-02-21T16:15:09.695Z", "user": 1, "content_type": 8, "object_id": "17", "object_repr": "Walker Small Backpack", "action_flag": 2, "change_message": "[{\"changed\": {\"fields\": [\"Brandimage\"]}}]"}}, {"model": "admin.logentry", "pk": 151, "fields": {"action_time": "2022-02-21T16:15:18.096Z", "user": 1, "content_type": 8, "object_id": "21", "object_repr": "Blackout Belt", "action_flag": 2, "change_message": "[{\"changed\": {\"fields\": [\"Brandimage\"]}}]"}}, {"model": "admin.logentry", "pk": 152, "fields": {"action_time": "2022-02-21T16:15:26.200Z", "user": 1, "content_type": 8, "object_id": "19", "object_repr": "Craft Belt", "action_flag": 2, "change_message": "[{\"changed\": {\"fields\": [\"Brandimage\"]}}]"}}, {"model": "admin.logentry", "pk": 153, "fields": {"action_time": "2022-02-21T16:15:30.571Z", "user": 1, "content_type": 8, "object_id": "23", "object_repr": "Craft Belt Black", "action_flag": 2, "change_message": "[{\"changed\": {\"fields\": [\"Brandimage\"]}}]"}}, {"model": "admin.logentry", "pk": 154, "fields": {"action_time": "2022-02-21T16:15:36.343Z", "user": 1, "content_type": 8, "object_id": "26", "object_repr": "Craft Belt Natural", "action_flag": 2, "change_message": "[]"}}, {"model": "admin.logentry", "pk": 155, "fields": {"action_time": "2022-02-21T16:15:44.162Z", "user": 1, "content_type": 8, "object_id": "22", "object_repr": "Craft Belt Olive", "action_flag": 2, "change_message": "[{\"changed\": {\"fields\": [\"Brandimage\"]}}]"}}, {"model": "admin.logentry", "pk": 156, "fields": {"action_time": "2022-02-21T16:15:48.431Z", "user": 1, "content_type": 8, "object_id": "25", "object_repr": "Heritage Belt", "action_flag": 2, "change_message": "[]"}}, {"model": "admin.logentry", "pk": 157, "fields": {"action_time": "2022-02-21T16:15:53.936Z", "user": 1, "content_type": 8, "object_id": "20", "object_repr": "Mountain Belt", "action_flag": 2, "change_message": "[{\"changed\": {\"fields\": [\"Brandimage\"]}}]"}}, {"model": "admin.logentry", "pk": 158, "fields": {"action_time": "2022-02-21T16:15:59.161Z", "user": 1, "content_type": 8, "object_id": "27", "object_repr": "Mountain Belt Russet", "action_flag": 2, "change_message": "[{\"changed\": {\"fields\": [\"Brandimage\"]}}]"}}, {"model": "admin.logentry", "pk": 159, "fields": {"action_time": "2022-02-21T16:16:03.578Z", "user": 1, "content_type": 8, "object_id": "24", "object_repr": "Stockton Belt", "action_flag": 2, "change_message": "[{\"changed\": {\"fields\": [\"Brandimage\"]}}]"}}, {"model": "admin.logentry", "pk": 160, "fields": {"action_time": "2022-02-21T16:16:24.366Z", "user": 1, "content_type": 8, "object_id": "14", "object_repr": "Ryder Reserve Laptop Briefcase", "action_flag": 2, "change_message": "[{\"changed\": {\"fields\": [\"Brandimage\"]}}]"}}, {"model": "admin.logentry", "pk": 161, "fields": {"action_time": "2022-02-21T16:16:39.067Z", "user": 1, "content_type": 8, "object_id": "29", "object_repr": "Double Wrap Mountain Cuff", "action_flag": 2, "change_message": "[]"}}, {"model": "admin.logentry", "pk": 162, "fields": {"action_time": "2022-02-21T16:17:12.716Z", "user": 1, "content_type": 8, "object_id": "28", "object_repr": "Personalized Leather Bracelet", "action_flag": 2, "change_message": "[{\"changed\": {\"fields\": [\"Photo2\", \"Brandimage\"]}}]"}}, {"model": "admin.logentry", "pk": 163, "fields": {"action_time": "2022-02-21T16:17:19.728Z", "user": 1, "content_type": 8, "object_id": "33", "object_repr": "Secret Message Bracelet", "action_flag": 2, "change_message": "[{\"changed\": {\"fields\": [\"Brandimage\"]}}]"}}, {"model": "admin.logentry", "pk": 164, "fields": {"action_time": "2022-02-21T16:17:24.031Z", "user": 1, "content_type": 8, "object_id": "32", "object_repr": "Simple Adjustable Cuff", "action_flag": 2, "change_message": "[]"}}, {"model": "admin.logentry", "pk": 165, "fields": {"action_time": "2022-02-21T16:17:32.257Z", "user": 1, "content_type": 8, "object_id": "35", "object_repr": "Single Wrap Craft Cuff", "action_flag": 2, "change_message": "[{\"changed\": {\"fields\": [\"Brandimage\"]}}]"}}, {"model": "admin.logentry", "pk": 166, "fields": {"action_time": "2022-02-21T16:18:02.773Z", "user": 1, "content_type": 8, "object_id": "52", "object_repr": "Large Denver Journal Cover", "action_flag": 2, "change_message": "[{\"changed\": {\"fields\": [\"Brandimage\"]}}]"}}, {"model": "admin.logentry", "pk": 167, "fields": {"action_time": "2022-04-15T13:00:40.312Z", "user": 1, "content_type": 8, "object_id": "71", "object_repr": "Amber Apple Watch Strap", "action_flag": 2, "change_message": "[{\"changed\": {\"fields\": [\"Stock\"]}}]"}}, {"model": "admin.logentry", "pk": 168, "fields": {"action_time": "2022-04-15T13:01:08.993Z", "user": 1, "content_type": 8, "object_id": "46", "object_repr": "Black Field Notes Cover", "action_flag": 2, "change_message": "[{\"changed\": {\"fields\": [\"Stock\"]}}]"}}, {"model": "admin.logentry", "pk": 169, "fields": {"action_time": "2022-04-15T13:01:18.070Z", "user": 1, "content_type": 8, "object_id": "21", "object_repr": "Blackout Belt", "action_flag": 2, "change_message": "[{\"changed\": {\"fields\": [\"Stock\"]}}]"}}, {"model": "admin.logentry", "pk": 170, "fields": {"action_time": "2022-04-15T13:01:59.211Z", "user": 1, "content_type": 8, "object_id": "37", "object_repr": "Brass Key Hook", "action_flag": 2, "change_message": "[{\"changed\": {\"fields\": [\"Stock\"]}}]"}}, {"model": "admin.logentry", "pk": 171, "fields": {"action_time": "2022-04-15T13:02:05.440Z", "user": 1, "content_type": 8, "object_id": "72", "object_repr": "Brown Apple Watch Strap", "action_flag": 2, "change_message": "[{\"changed\": {\"fields\": [\"Stock\"]}}]"}}, {"model": "admin.logentry", "pk": 172, "fields": {"action_time": "2022-04-15T13:02:12.188Z", "user": 1, "content_type": 8, "object_id": "12", "object_repr": "Camden Braided Tote", "action_flag": 2, "change_message": "[{\"changed\": {\"fields\": [\"Stock\"]}}]"}}, {"model": "admin.logentry", "pk": 173, "fields": {"action_time": "2022-04-15T13:02:21.636Z", "user": 1, "content_type": 8, "object_id": "73", "object_repr": "Leather Camera Strap", "action_flag": 2, "change_message": "[{\"changed\": {\"fields\": [\"Stock\"]}}]"}}, {"model": "admin.logentry", "pk": 174, "fields": {"action_time": "2022-04-15T13:02:29.571Z", "user": 1, "content_type": 8, "object_id": "80", "object_repr": "Leather Guitar Strap", "action_flag": 2, "change_message": "[{\"changed\": {\"fields\": [\"Stock\"]}}]"}}, {"model": "admin.logentry", "pk": 175, "fields": {"action_time": "2022-04-15T13:02:40.531Z", "user": 1, "content_type": 8, "object_id": "75", "object_repr": "Leather Coaster Set", "action_flag": 2, "change_message": "[{\"changed\": {\"fields\": [\"Stock\"]}}]"}}, {"model": "admin.logentry", "pk": 176, "fields": {"action_time": "2022-04-15T13:02:56.616Z", "user": 1, "content_type": 8, "object_id": "77", "object_repr": "Leather Lighter Sleeve", "action_flag": 2, "change_message": "[{\"changed\": {\"fields\": [\"Stock\"]}}]"}}, {"model": "admin.logentry", "pk": 177, "fields": {"action_time": "2022-04-15T13:03:00.285Z", "user": 1, "content_type": 8, "object_id": "74", "object_repr": "Leather Sunglass Case", "action_flag": 2, "change_message": "[{\"changed\": {\"fields\": [\"Stock\"]}}]"}}, {"model": "admin.logentry", "pk": 178, "fields": {"action_time": "2022-04-15T13:03:03.892Z", "user": 1, "content_type": 8, "object_id": "74", "object_repr": "Leather Sunglass Case", "action_flag": 2, "change_message": "[]"}}, {"model": "admin.logentry", "pk": 179, "fields": {"action_time": "2022-04-15T13:03:07.160Z", "user": 1, "content_type": 8, "object_id": "79", "object_repr": "Leather Valet Tray", "action_flag": 2, "change_message": "[{\"changed\": {\"fields\": [\"Stock\"]}}]"}}, {"model": "admin.logentry", "pk": 180, "fields": {"action_time": "2022-04-15T13:03:10.414Z", "user": 1, "content_type": 8, "object_id": "81", "object_repr": "Leather Waist Bag", "action_flag": 2, "change_message": "[{\"changed\": {\"fields\": [\"Stock\"]}}]"}}, {"model": "admin.logentry", "pk": 181, "fields": {"action_time": "2022-04-15T13:03:13.627Z", "user": 1, "content_type": 8, "object_id": "78", "object_repr": "Travel Valet Tray", "action_flag": 2, "change_message": "[{\"changed\": {\"fields\": [\"Stock\"]}}]"}}, {"model": "admin.logentry", "pk": 182, "fields": {"action_time": "2022-04-15T13:03:26.651Z", "user": 1, "content_type": 8, "object_id": "76", "object_repr": "Leather Parts Bag", "action_flag": 2, "change_message": "[{\"changed\": {\"fields\": [\"Stock\"]}}]"}}, {"model": "admin.logentry", "pk": 183, "fields": {"action_time": "2022-04-15T13:03:46.618Z", "user": 1, "content_type": 8, "object_id": "17", "object_repr": "Walker Small Backpack", "action_flag": 2, "change_message": "[{\"changed\": {\"fields\": [\"Stock\"]}}]"}}, {"model": "admin.logentry", "pk": 184, "fields": {"action_time": "2022-04-15T13:03:49.835Z", "user": 1, "content_type": 8, "object_id": "18", "object_repr": "Walker Leather Backpack", "action_flag": 2, "change_message": "[{\"changed\": {\"fields\": [\"Stock\"]}}]"}}, {"model": "admin.logentry", "pk": 185, "fields": {"action_time": "2022-04-15T13:03:52.945Z", "user": 1, "content_type": 8, "object_id": "11", "object_repr": "Ryder Reserve Travel Duffle Bag", "action_flag": 2, "change_message": "[{\"changed\": {\"fields\": [\"Stock\"]}}]"}}, {"model": "admin.logentry", "pk": 186, "fields": {"action_time": "2022-04-15T13:03:56.234Z", "user": 1, "content_type": 8, "object_id": "14", "object_repr": "Ryder Reserve Laptop Briefcase", "action_flag": 2, "change_message": "[{\"changed\": {\"fields\": [\"Stock\"]}}]"}}, {"model": "admin.logentry", "pk": 187, "fields": {"action_time": "2022-04-15T13:03:59.436Z", "user": 1, "content_type": 8, "object_id": "15", "object_repr": "Roosevelt Buffalo Messenger Bag", "action_flag": 2, "change_message": "[{\"changed\": {\"fields\": [\"Stock\"]}}]"}}, {"model": "admin.logentry", "pk": 188, "fields": {"action_time": "2022-04-15T13:04:02.862Z", "user": 1, "content_type": 8, "object_id": "16", "object_repr": "Leather Walker Tote", "action_flag": 2, "change_message": "[{\"changed\": {\"fields\": [\"Stock\"]}}]"}}, {"model": "admin.logentry", "pk": 189, "fields": {"action_time": "2022-04-15T13:04:06.286Z", "user": 1, "content_type": 8, "object_id": "13", "object_repr": "Leather Madison Tote", "action_flag": 2, "change_message": "[{\"changed\": {\"fields\": [\"Stock\"]}}]"}}, {"model": "admin.logentry", "pk": 190, "fields": {"action_time": "2022-04-15T13:04:09.734Z", "user": 1, "content_type": 8, "object_id": "10", "object_repr": "Denver Travel Duffle Bag", "action_flag": 2, "change_message": "[{\"changed\": {\"fields\": [\"Stock\"]}}]"}}, {"model": "admin.logentry", "pk": 191, "fields": {"action_time": "2022-04-15T13:04:37.423Z", "user": 1, "content_type": 8, "object_id": "24", "object_repr": "Stockton Belt", "action_flag": 2, "change_message": "[{\"changed\": {\"fields\": [\"Stock\"]}}]"}}, {"model": "admin.logentry", "pk": 192, "fields": {"action_time": "2022-04-15T13:04:41.146Z", "user": 1, "content_type": 8, "object_id": "27", "object_repr": "Mountain Belt Russet", "action_flag": 2, "change_message": "[{\"changed\": {\"fields\": [\"Stock\"]}}]"}}, {"model": "admin.logentry", "pk": 193, "fields": {"action_time": "2022-04-15T13:04:44.364Z", "user": 1, "content_type": 8, "object_id": "20", "object_repr": "Mountain Belt", "action_flag": 2, "change_message": "[{\"changed\": {\"fields\": [\"Stock\"]}}]"}}, {"model": "admin.logentry", "pk": 194, "fields": {"action_time": "2022-04-15T13:04:47.217Z", "user": 1, "content_type": 8, "object_id": "25", "object_repr": "Heritage Belt", "action_flag": 2, "change_message": "[{\"changed\": {\"fields\": [\"Stock\"]}}]"}}, {"model": "admin.logentry", "pk": 195, "fields": {"action_time": "2022-04-15T13:04:50.169Z", "user": 1, "content_type": 8, "object_id": "22", "object_repr": "Craft Belt Olive", "action_flag": 2, "change_message": "[{\"changed\": {\"fields\": [\"Stock\"]}}]"}}, {"model": "admin.logentry", "pk": 196, "fields": {"action_time": "2022-04-15T13:04:53.444Z", "user": 1, "content_type": 8, "object_id": "26", "object_repr": "Craft Belt Natural", "action_flag": 2, "change_message": "[{\"changed\": {\"fields\": [\"Stock\"]}}]"}}, {"model": "admin.logentry", "pk": 197, "fields": {"action_time": "2022-04-15T13:04:56.913Z", "user": 1, "content_type": 8, "object_id": "23", "object_repr": "Craft Belt Black", "action_flag": 2, "change_message": "[{\"changed\": {\"fields\": [\"Stock\"]}}]"}}, {"model": "admin.logentry", "pk": 198, "fields": {"action_time": "2022-04-15T13:05:00.249Z", "user": 1, "content_type": 8, "object_id": "19", "object_repr": "Craft Belt", "action_flag": 2, "change_message": "[{\"changed\": {\"fields\": [\"Stock\"]}}]"}}, {"model": "admin.logentry", "pk": 199, "fields": {"action_time": "2022-04-15T13:09:14.189Z", "user": 1, "content_type": 8, "object_id": "31", "object_repr": "Strappy Wrap Bracelet", "action_flag": 2, "change_message": "[{\"changed\": {\"fields\": [\"Stock\"]}}]"}}, {"model": "admin.logentry", "pk": 200, "fields": {"action_time": "2022-04-15T13:09:17.459Z", "user": 1, "content_type": 8, "object_id": "35", "object_repr": "Single Wrap Craft Cuff", "action_flag": 2, "change_message": "[{\"changed\": {\"fields\": [\"Stock\"]}}]"}}, {"model": "admin.logentry", "pk": 201, "fields": {"action_time": "2022-04-15T13:09:21.347Z", "user": 1, "content_type": 8, "object_id": "32", "object_repr": "Simple Adjustable Cuff", "action_flag": 2, "change_message": "[{\"changed\": {\"fields\": [\"Stock\"]}}]"}}, {"model": "admin.logentry", "pk": 202, "fields": {"action_time": "2022-04-15T13:09:25.178Z", "user": 1, "content_type": 8, "object_id": "33", "object_repr": "Secret Message Bracelet", "action_flag": 2, "change_message": "[{\"changed\": {\"fields\": [\"Stock\"]}}]"}}, {"model": "admin.logentry", "pk": 203, "fields": {"action_time": "2022-04-15T13:09:28.823Z", "user": 1, "content_type": 8, "object_id": "28", "object_repr": "Personalized Leather Bracelet", "action_flag": 2, "change_message": "[{\"changed\": {\"fields\": [\"Stock\"]}}]"}}, {"model": "admin.logentry", "pk": 204, "fields": {"action_time": "2022-04-15T13:09:32.473Z", "user": 1, "content_type": 8, "object_id": "30", "object_repr": "Leather Knot Bracelet", "action_flag": 2, "change_message": "[{\"changed\": {\"fields\": [\"Stock\"]}}]"}}, {"model": "admin.logentry", "pk": 205, "fields": {"action_time": "2022-04-15T13:09:37.539Z", "user": 1, "content_type": 8, "object_id": "34", "object_repr": "Hefty Braided Bracelet", "action_flag": 2, "change_message": "[{\"changed\": {\"fields\": [\"Stock\"]}}]"}}, {"model": "admin.logentry", "pk": 206, "fields": {"action_time": "2022-04-15T13:09:41.431Z", "user": 1, "content_type": 8, "object_id": "29", "object_repr": "Double Wrap Mountain Cuff", "action_flag": 2, "change_message": "[{\"changed\": {\"fields\": [\"Stock\"]}}]"}}, {"model": "admin.logentry", "pk": 207, "fields": {"action_time": "2022-04-15T13:09:45.621Z", "user": 1, "content_type": 8, "object_id": "29", "object_repr": "Double Wrap Mountain Cuff", "action_flag": 2, "change_message": "[]"}}, {"model": "admin.logentry", "pk": 208, "fields": {"action_time": "2022-04-15T13:09:56.085Z", "user": 1, "content_type": 8, "object_id": "30", "object_repr": "Leather Knot Bracelet", "action_flag": 2, "change_message": "[]"}}, {"model": "admin.logentry", "pk": 209, "fields": {"action_time": "2022-04-15T13:10:01.459Z", "user": 1, "content_type": 8, "object_id": "36", "object_repr": "Mystery Braid Bracelet", "action_flag": 2, "change_message": "[{\"changed\": {\"fields\": [\"Stock\"]}}]"}}, {"model": "admin.logentry", "pk": 210, "fields": {"action_time": "2022-04-15T13:10:19.846Z", "user": 1, "content_type": 8, "object_id": "51", "object_repr": "Woodlander Leather Notebook", "action_flag": 2, "change_message": "[{\"changed\": {\"fields\": [\"Stock\"]}}]"}}, {"model": "admin.logentry", "pk": 211, "fields": {"action_time": "2022-04-15T13:10:23.586Z", "user": 1, "content_type": 8, "object_id": "47", "object_repr": "Northswestward Field Notes", "action_flag": 2, "change_message": "[{\"changed\": {\"fields\": [\"Stock\"]}}]"}}, {"model": "admin.logentry", "pk": 212, "fields": {"action_time": "2022-04-15T13:10:27.190Z", "user": 1, "content_type": 8, "object_id": "54", "object_repr": "Leather Notebook Cover", "action_flag": 2, "change_message": "[{\"changed\": {\"fields\": [\"Stock\"]}}]"}}, {"model": "admin.logentry", "pk": 213, "fields": {"action_time": "2022-04-15T13:10:33.836Z", "user": 1, "content_type": 8, "object_id": "52", "object_repr": "Large Denver Journal Cover", "action_flag": 2, "change_message": "[{\"changed\": {\"fields\": [\"Stock\"]}}]"}}, {"model": "admin.logentry", "pk": 214, "fields": {"action_time": "2022-04-15T13:10:37.126Z", "user": 1, "content_type": 8, "object_id": "49", "object_repr": "Horween Field Notes", "action_flag": 2, "change_message": "[{\"changed\": {\"fields\": [\"Stock\"]}}]"}}, {"model": "admin.logentry", "pk": 215, "fields": {"action_time": "2022-04-15T13:10:40.045Z", "user": 1, "content_type": 8, "object_id": "50", "object_repr": "Denver Journal Cover", "action_flag": 2, "change_message": "[{\"changed\": {\"fields\": [\"Stock\"]}}]"}}, {"model": "admin.logentry", "pk": 216, "fields": {"action_time": "2022-04-15T13:10:43.316Z", "user": 1, "content_type": 8, "object_id": "48", "object_repr": "Dakota Field Notes Cover", "action_flag": 2, "change_message": "[{\"changed\": {\"fields\": [\"Stock\"]}}]"}}, {"model": "admin.logentry", "pk": 217, "fields": {"action_time": "2022-04-15T13:10:47.476Z", "user": 1, "content_type": 8, "object_id": "48", "object_repr": "Dakota Field Notes Cover", "action_flag": 2, "change_message": "[]"}}, {"model": "admin.logentry", "pk": 218, "fields": {"action_time": "2022-04-15T13:10:51.050Z", "user": 1, "content_type": 8, "object_id": "53", "object_repr": "CheckBook Leather Wallet", "action_flag": 2, "change_message": "[{\"changed\": {\"fields\": [\"Stock\"]}}]"}}, {"model": "admin.logentry", "pk": 219, "fields": {"action_time": "2022-04-15T13:11:05.604Z", "user": 1, "content_type": 8, "object_id": "44", "object_repr": "Dark Brown Key Holder", "action_flag": 2, "change_message": "[{\"changed\": {\"fields\": [\"Stock\"]}}]"}}, {"model": "admin.logentry", "pk": 220, "fields": {"action_time": "2022-04-15T13:11:09.643Z", "user": 1, "content_type": 8, "object_id": "45", "object_repr": "Wood Brown Key Organizer", "action_flag": 2, "change_message": "[{\"changed\": {\"fields\": [\"Stock\"]}}]"}}, {"model": "admin.logentry", "pk": 221, "fields": {"action_time": "2022-04-15T13:11:13.308Z", "user": 1, "content_type": 8, "object_id": "39", "object_repr": "Leather Key Kedge", "action_flag": 2, "change_message": "[{\"changed\": {\"fields\": [\"Stock\"]}}]"}}, {"model": "admin.logentry", "pk": 222, "fields": {"action_time": "2022-04-15T13:11:18.463Z", "user": 1, "content_type": 8, "object_id": "42", "object_repr": "Wood Brown Key Holder", "action_flag": 2, "change_message": "[{\"changed\": {\"fields\": [\"Stock\"]}}]"}}, {"model": "admin.logentry", "pk": 223, "fields": {"action_time": "2022-04-15T13:11:22.699Z", "user": 1, "content_type": 8, "object_id": "38", "object_repr": "Utility Key Clip", "action_flag": 2, "change_message": "[{\"changed\": {\"fields\": [\"Stock\"]}}]"}}, {"model": "admin.logentry", "pk": 224, "fields": {"action_time": "2022-04-15T13:11:26.863Z", "user": 1, "content_type": 8, "object_id": "41", "object_repr": "Tassel Key Chain", "action_flag": 2, "change_message": "[{\"changed\": {\"fields\": [\"Stock\"]}}]"}}, {"model": "admin.logentry", "pk": 225, "fields": {"action_time": "2022-04-15T13:11:30.792Z", "user": 1, "content_type": 8, "object_id": "40", "object_repr": "Short Key Clip", "action_flag": 2, "change_message": "[{\"changed\": {\"fields\": [\"Stock\"]}}]"}}, {"model": "admin.logentry", "pk": 226, "fields": {"action_time": "2022-04-15T13:11:35.355Z", "user": 1, "content_type": 8, "object_id": "43", "object_repr": "Reserve Key Strap", "action_flag": 2, "change_message": "[{\"changed\": {\"fields\": [\"Stock\"]}}]"}}, {"model": "admin.logentry", "pk": 227, "fields": {"action_time": "2022-04-15T13:12:05.043Z", "user": 1, "content_type": 8, "object_id": "59", "object_repr": "Dark Iphone Leather Case", "action_flag": 2, "change_message": "[{\"changed\": {\"fields\": [\"Stock\"]}}]"}}, {"model": "admin.logentry", "pk": 228, "fields": {"action_time": "2022-04-15T13:12:08.756Z", "user": 1, "content_type": 8, "object_id": "58", "object_repr": "Dark Minimalist Phone Case", "action_flag": 2, "change_message": "[{\"changed\": {\"fields\": [\"Stock\"]}}]"}}, {"model": "admin.logentry", "pk": 229, "fields": {"action_time": "2022-04-15T13:12:12.288Z", "user": 1, "content_type": 8, "object_id": "56", "object_repr": "Dark Pocket Phone Case", "action_flag": 2, "change_message": "[{\"changed\": {\"fields\": [\"Stock\"]}}]"}}, {"model": "admin.logentry", "pk": 230, "fields": {"action_time": "2022-04-15T13:12:16.269Z", "user": 1, "content_type": 8, "object_id": "63", "object_repr": "Dark Two Iphone Case", "action_flag": 2, "change_message": "[{\"changed\": {\"fields\": [\"Stock\"]}}]"}}, {"model": "admin.logentry", "pk": 231, "fields": {"action_time": "2022-04-15T13:12:19.874Z", "user": 1, "content_type": 8, "object_id": "55", "object_repr": "Dark Wool Felt Phone Case", "action_flag": 2, "change_message": "[{\"changed\": {\"fields\": [\"Stock\"]}}]"}}, {"model": "admin.logentry", "pk": 232, "fields": {"action_time": "2022-04-15T13:12:23.916Z", "user": 1, "content_type": 8, "object_id": "61", "object_repr": "Iphone Leather Case", "action_flag": 2, "change_message": "[{\"changed\": {\"fields\": [\"Stock\"]}}]"}}, {"model": "admin.logentry", "pk": 233, "fields": {"action_time": "2022-04-15T13:12:27.941Z", "user": 1, "content_type": 8, "object_id": "62", "object_repr": "Leather Pocket Phone Case", "action_flag": 2, "change_message": "[{\"changed\": {\"fields\": [\"Stock\"]}}]"}}, {"model": "admin.logentry", "pk": 234, "fields": {"action_time": "2022-04-15T13:12:31.612Z", "user": 1, "content_type": 8, "object_id": "57", "object_repr": "Minimalist Phone Case", "action_flag": 2, "change_message": "[{\"changed\": {\"fields\": [\"Stock\"]}}]"}}, {"model": "admin.logentry", "pk": 235, "fields": {"action_time": "2022-04-15T13:12:35.164Z", "user": 1, "content_type": 8, "object_id": "60", "object_repr": "Two Iphone Case", "action_flag": 2, "change_message": "[{\"changed\": {\"fields\": [\"Stock\"]}}]"}}, {"model": "admin.logentry", "pk": 236, "fields": {"action_time": "2022-04-15T13:12:42.292Z", "user": 1, "content_type": 8, "object_id": "7", "object_repr": "Ryder Reserve Trifold Wallet", "action_flag": 2, "change_message": "[{\"changed\": {\"fields\": [\"Stock\"]}}]"}}, {"model": "admin.logentry", "pk": 237, "fields": {"action_time": "2022-04-15T13:12:46.443Z", "user": 1, "content_type": 8, "object_id": "3", "object_repr": "Ryder Reserve Bison Wallet", "action_flag": 2, "change_message": "[{\"changed\": {\"fields\": [\"Stock\"]}}]"}}, {"model": "admin.logentry", "pk": 238, "fields": {"action_time": "2022-04-15T13:12:50.178Z", "user": 1, "content_type": 8, "object_id": "6", "object_repr": "Madison Wristlet Wallet", "action_flag": 2, "change_message": "[{\"changed\": {\"fields\": [\"Stock\"]}}]"}}, {"model": "admin.logentry", "pk": 239, "fields": {"action_time": "2022-04-15T13:12:55.094Z", "user": 1, "content_type": 8, "object_id": "5", "object_repr": "Madison Checkbook Wallet", "action_flag": 2, "change_message": "[{\"changed\": {\"fields\": [\"Stock\"]}}]"}}, {"model": "admin.logentry", "pk": 240, "fields": {"action_time": "2022-04-15T13:12:59.669Z", "user": 1, "content_type": 8, "object_id": "2", "object_repr": "Insider Leather Wallet", "action_flag": 2, "change_message": "[{\"changed\": {\"fields\": [\"Stock\"]}}]"}}, {"model": "admin.logentry", "pk": 241, "fields": {"action_time": "2022-04-15T13:13:03.037Z", "user": 1, "content_type": 8, "object_id": "4", "object_repr": "Chelsea Leather Clutch", "action_flag": 2, "change_message": "[{\"changed\": {\"fields\": [\"Stock\"]}}]"}}, {"model": "admin.logentry", "pk": 242, "fields": {"action_time": "2022-04-15T13:13:06.216Z", "user": 1, "content_type": 8, "object_id": "1", "object_repr": "Dakota Bifold Wallet", "action_flag": 2, "change_message": "[{\"changed\": {\"fields\": [\"Stock\"]}}]"}}, {"model": "admin.logentry", "pk": 243, "fields": {"action_time": "2022-04-15T13:13:09.756Z", "user": 1, "content_type": 8, "object_id": "9", "object_repr": "Denver Billfold Wallet", "action_flag": 2, "change_message": "[{\"changed\": {\"fields\": [\"Stock\"]}}]"}}, {"model": "admin.logentry", "pk": 244, "fields": {"action_time": "2022-04-15T13:13:13.571Z", "user": 1, "content_type": 8, "object_id": "8", "object_repr": "Enfold Fullsize Wallet", "action_flag": 2, "change_message": "[{\"changed\": {\"fields\": [\"Stock\"]}}]"}}, {"model": "admin.logentry", "pk": 245, "fields": {"action_time": "2022-04-15T13:13:23.226Z", "user": 1, "content_type": 8, "object_id": "66", "object_repr": "Tan Apple Watch Strap", "action_flag": 2, "change_message": "[{\"changed\": {\"fields\": [\"Stock\"]}}]"}}, {"model": "admin.logentry", "pk": 246, "fields": {"action_time": "2022-04-15T13:13:27.372Z", "user": 1, "content_type": 8, "object_id": "70", "object_repr": "Saddle Tan Watch Strap", "action_flag": 2, "change_message": "[{\"changed\": {\"fields\": [\"Stock\"]}}]"}}, {"model": "admin.logentry", "pk": 247, "fields": {"action_time": "2022-04-15T13:13:32.120Z", "user": 1, "content_type": 8, "object_id": "64", "object_repr": "Nato Watch Strap", "action_flag": 2, "change_message": "[{\"changed\": {\"fields\": [\"Stock\"]}}]"}}, {"model": "admin.logentry", "pk": 248, "fields": {"action_time": "2022-04-15T13:13:36.095Z", "user": 1, "content_type": 8, "object_id": "68", "object_repr": "Nato Apple Watch Strap", "action_flag": 2, "change_message": "[{\"changed\": {\"fields\": [\"Stock\"]}}]"}}, {"model": "admin.logentry", "pk": 249, "fields": {"action_time": "2022-04-15T13:13:40.699Z", "user": 1, "content_type": 8, "object_id": "69", "object_repr": "Honey Apple Watch Strap", "action_flag": 2, "change_message": "[{\"changed\": {\"fields\": [\"Stock\"]}}]"}}, {"model": "admin.logentry", "pk": 250, "fields": {"action_time": "2022-04-15T13:13:44.505Z", "user": 1, "content_type": 8, "object_id": "67", "object_repr": "Diesel Apple Watch Strap", "action_flag": 2, "change_message": "[{\"changed\": {\"fields\": [\"Stock\"]}}]"}}, {"model": "admin.logentry", "pk": 251, "fields": {"action_time": "2022-04-15T13:13:49.850Z", "user": 1, "content_type": 8, "object_id": "65", "object_repr": "Dakota Apple Watch Strap", "action_flag": 2, "change_message": "[{\"changed\": {\"fields\": [\"Stock\"]}}]"}}, {"model": "admin.logentry", "pk": 252, "fields": {"action_time": "2022-04-23T08:28:37.690Z", "user": 1, "content_type": 8, "object_id": "25", "object_repr": "Heritage Belt", "action_flag": 2, "change_message": "[{\"changed\": {\"fields\": [\"Photo2\"]}}]"}}, {"model": "auth.permission", "pk": 1, "fields": {"name": "Can add Theme", "content_type": 1, "codename": "add_theme"}}, {"model": "auth.permission", "pk": 2, "fields": {"name": "Can change Theme", "content_type": 1, "codename": "change_theme"}}, {"model": "auth.permission", "pk": 3, "fields": {"name": "Can delete Theme", "content_type": 1, "codename": "delete_theme"}}, {"model": "auth.permission", "pk": 4, "fields": {"name": "Can view Theme", "content_type": 1, "codename": "view_theme"}}, {"model": "auth.permission", "pk": 5, "fields": {"name": "Can add log entry", "content_type": 2, "codename": "add_logentry"}}, {"model": "auth.permission", "pk": 6, "fields": {"name": "Can change log entry", "content_type": 2, "codename": "change_logentry"}}, {"model": "auth.permission", "pk": 7, "fields": {"name": "Can delete log entry", "content_type": 2, "codename": "delete_logentry"}}, {"model": "auth.permission", "pk": 8, "fields": {"name": "Can view log entry", "content_type": 2, "codename": "view_logentry"}}, {"model": "auth.permission", "pk": 9, "fields": {"name": "Can add permission", "content_type": 3, "codename": "add_permission"}}, {"model": "auth.permission", "pk": 10, "fields": {"name": "Can change permission", "content_type": 3, "codename": "change_permission"}}, {"model": "auth.permission", "pk": 11, "fields": {"name": "Can delete permission", "content_type": 3, "codename": "delete_permission"}}, {"model": "auth.permission", "pk": 12, "fields": {"name": "Can view permission", "content_type": 3, "codename": "view_permission"}}, {"model": "auth.permission", "pk": 13, "fields": {"name": "Can add group", "content_type": 4, "codename": "add_group"}}, {"model": "auth.permission", "pk": 14, "fields": {"name": "Can change group", "content_type": 4, "codename": "change_group"}}, {"model": "auth.permission", "pk": 15, "fields": {"name": "Can delete group", "content_type": 4, "codename": "delete_group"}}, {"model": "auth.permission", "pk": 16, "fields": {"name": "Can view group", "content_type": 4, "codename": "view_group"}}, {"model": "auth.permission", "pk": 17, "fields": {"name": "Can add content type", "content_type": 5, "codename": "add_contenttype"}}, {"model": "auth.permission", "pk": 18, "fields": {"name": "Can change content type", "content_type": 5, "codename": "change_contenttype"}}, {"model": "auth.permission", "pk": 19, "fields": {"name": "Can delete content type", "content_type": 5, "codename": "delete_contenttype"}}, {"model": "auth.permission", "pk": 20, "fields": {"name": "Can view content type", "content_type": 5, "codename": "view_contenttype"}}, {"model": "auth.permission", "pk": 21, "fields": {"name": "Can add session", "content_type": 6, "codename": "add_session"}}, {"model": "auth.permission", "pk": 22, "fields": {"name": "Can change session", "content_type": 6, "codename": "change_session"}}, {"model": "auth.permission", "pk": 23, "fields": {"name": "Can delete session", "content_type": 6, "codename": "delete_session"}}, {"model": "auth.permission", "pk": 24, "fields": {"name": "Can view session", "content_type": 6, "codename": "view_session"}}, {"model": "auth.permission", "pk": 25, "fields": {"name": "Can add Category", "content_type": 7, "codename": "add_category"}}, {"model": "auth.permission", "pk": 26, "fields": {"name": "Can change Category", "content_type": 7, "codename": "change_category"}}, {"model": "auth.permission", "pk": 27, "fields": {"name": "Can delete Category", "content_type": 7, "codename": "delete_category"}}, {"model": "auth.permission", "pk": 28, "fields": {"name": "Can view Category", "content_type": 7, "codename": "view_category"}}, {"model": "auth.permission", "pk": 29, "fields": {"name": "Can add product", "content_type": 8, "codename": "add_product"}}, {"model": "auth.permission", "pk": 30, "fields": {"name": "Can change product", "content_type": 8, "codename": "change_product"}}, {"model": "auth.permission", "pk": 31, "fields": {"name": "Can delete product", "content_type": 8, "codename": "delete_product"}}, {"model": "auth.permission", "pk": 32, "fields": {"name": "Can view product", "content_type": 8, "codename": "view_product"}}, {"model": "auth.permission", "pk": 33, "fields": {"name": "Can add Token", "content_type": 9, "codename": "add_token"}}, {"model": "auth.permission", "pk": 34, "fields": {"name": "Can change Token", "content_type": 9, "codename": "change_token"}}, {"model": "auth.permission", "pk": 35, "fields": {"name": "Can delete Token", "content_type": 9, "codename": "delete_token"}}, {"model": "auth.permission", "pk": 36, "fields": {"name": "Can view Token", "content_type": 9, "codename": "view_token"}}, {"model": "auth.permission", "pk": 37, "fields": {"name": "Can add token", "content_type": 10, "codename": "add_tokenproxy"}}, {"model": "auth.permission", "pk": 38, "fields": {"name": "Can change token", "content_type": 10, "codename": "change_tokenproxy"}}, {"model": "auth.permission", "pk": 39, "fields": {"name": "Can delete token", "content_type": 10, "codename": "delete_tokenproxy"}}, {"model": "auth.permission", "pk": 40, "fields": {"name": "Can view token", "content_type": 10, "codename": "view_tokenproxy"}}, {"model": "auth.permission", "pk": 41, "fields": {"name": "Can add site", "content_type": 11, "codename": "add_site"}}, {"model": "auth.permission", "pk": 42, "fields": {"name": "Can change site", "content_type": 11, "codename": "change_site"}}, {"model": "auth.permission", "pk": 43, "fields": {"name": "Can delete site", "content_type": 11, "codename": "delete_site"}}, {"model": "auth.permission", "pk": 44, "fields": {"name": "Can view site", "content_type": 11, "codename": "view_site"}}, {"model": "auth.permission", "pk": 45, "fields": {"name": "Can add email address", "content_type": 12, "codename": "add_emailaddress"}}, {"model": "auth.permission", "pk": 46, "fields": {"name": "Can change email address", "content_type": 12, "codename": "change_emailaddress"}}, {"model": "auth.permission", "pk": 47, "fields": {"name": "Can delete email address", "content_type": 12, "codename": "delete_emailaddress"}}, {"model": "auth.permission", "pk": 48, "fields": {"name": "Can view email address", "content_type": 12, "codename": "view_emailaddress"}}, {"model": "auth.permission", "pk": 49, "fields": {"name": "Can add email confirmation", "content_type": 13, "codename": "add_emailconfirmation"}}, {"model": "auth.permission", "pk": 50, "fields": {"name": "Can change email confirmation", "content_type": 13, "codename": "change_emailconfirmation"}}, {"model": "auth.permission", "pk": 51, "fields": {"name": "Can delete email confirmation", "content_type": 13, "codename": "delete_emailconfirmation"}}, {"model": "auth.permission", "pk": 52, "fields": {"name": "Can view email confirmation", "content_type": 13, "codename": "view_emailconfirmation"}}, {"model": "auth.permission", "pk": 53, "fields": {"name": "Can add social account", "content_type": 14, "codename": "add_socialaccount"}}, {"model": "auth.permission", "pk": 54, "fields": {"name": "Can change social account", "content_type": 14, "codename": "change_socialaccount"}}, {"model": "auth.permission", "pk": 55, "fields": {"name": "Can delete social account", "content_type": 14, "codename": "delete_socialaccount"}}, {"model": "auth.permission", "pk": 56, "fields": {"name": "Can view social account", "content_type": 14, "codename": "view_socialaccount"}}, {"model": "auth.permission", "pk": 57, "fields": {"name": "Can add social application", "content_type": 15, "codename": "add_socialapp"}}, {"model": "auth.permission", "pk": 58, "fields": {"name": "Can change social application", "content_type": 15, "codename": "change_socialapp"}}, {"model": "auth.permission", "pk": 59, "fields": {"name": "Can delete social application", "content_type": 15, "codename": "delete_socialapp"}}, {"model": "auth.permission", "pk": 60, "fields": {"name": "Can view social application", "content_type": 15, "codename": "view_socialapp"}}, {"model": "auth.permission", "pk": 61, "fields": {"name": "Can add social application token", "content_type": 16, "codename": "add_socialtoken"}}, {"model": "auth.permission", "pk": 62, "fields": {"name": "Can change social application token", "content_type": 16, "codename": "change_socialtoken"}}, {"model": "auth.permission", "pk": 63, "fields": {"name": "Can delete social application token", "content_type": 16, "codename": "delete_socialtoken"}}, {"model": "auth.permission", "pk": 64, "fields": {"name": "Can view social application token", "content_type": 16, "codename": "view_socialtoken"}}, {"model": "auth.permission", "pk": 65, "fields": {"name": "Can add auth token", "content_type": 17, "codename": "add_authtoken"}}, {"model": "auth.permission", "pk": 66, "fields": {"name": "Can change auth token", "content_type": 17, "codename": "change_authtoken"}}, {"model": "auth.permission", "pk": 67, "fields": {"name": "Can delete auth token", "content_type": 17, "codename": "delete_authtoken"}}, {"model": "auth.permission", "pk": 68, "fields": {"name": "Can view auth token", "content_type": 17, "codename": "view_authtoken"}}, {"model": "auth.permission", "pk": 69, "fields": {"name": "Can add user", "content_type": 18, "codename": "add_customuser"}}, {"model": "auth.permission", "pk": 70, "fields": {"name": "Can change user", "content_type": 18, "codename": "change_customuser"}}, {"model": "auth.permission", "pk": 71, "fields": {"name": "Can delete user", "content_type": 18, "codename": "delete_customuser"}}, {"model": "auth.permission", "pk": 72, "fields": {"name": "Can view user", "content_type": 18, "codename": "view_customuser"}}, {"model": "auth.permission", "pk": 73, "fields": {"name": "Can add blacklisted token", "content_type": 19, "codename": "add_blacklistedtoken"}}, {"model": "auth.permission", "pk": 74, "fields": {"name": "Can change blacklisted token", "content_type": 19, "codename": "change_blacklistedtoken"}}, {"model": "auth.permission", "pk": 75, "fields": {"name": "Can delete blacklisted token", "content_type": 19, "codename": "delete_blacklistedtoken"}}, {"model": "auth.permission", "pk": 76, "fields": {"name": "Can view blacklisted token", "content_type": 19, "codename": "view_blacklistedtoken"}}, {"model": "auth.permission", "pk": 77, "fields": {"name": "Can add outstanding token", "content_type": 20, "codename": "add_outstandingtoken"}}, {"model": "auth.permission", "pk": 78, "fields": {"name": "Can change outstanding token", "content_type": 20, "codename": "change_outstandingtoken"}}, {"model": "auth.permission", "pk": 79, "fields": {"name": "Can delete outstanding token", "content_type": 20, "codename": "delete_outstandingtoken"}}, {"model": "auth.permission", "pk": 80, "fields": {"name": "Can view outstanding token", "content_type": 20, "codename": "view_outstandingtoken"}}, {"model": "contenttypes.contenttype", "pk": 1, "fields": {"app_label": "admin_interface", "model": "theme"}}, {"model": "contenttypes.contenttype", "pk": 2, "fields": {"app_label": "admin", "model": "logentry"}}, {"model": "contenttypes.contenttype", "pk": 3, "fields": {"app_label": "auth", "model": "permission"}}, {"model": "contenttypes.contenttype", "pk": 4, "fields": {"app_label": "auth", "model": "group"}}, {"model": "contenttypes.contenttype", "pk": 5, "fields": {"app_label": "contenttypes", "model": "contenttype"}}, {"model": "contenttypes.contenttype", "pk": 6, "fields": {"app_label": "sessions", "model": "session"}}, {"model": "contenttypes.contenttype", "pk": 7, "fields": {"app_label": "shop", "model": "category"}}, {"model": "contenttypes.contenttype", "pk": 8, "fields": {"app_label": "shop", "model": "product"}}, {"model": "contenttypes.contenttype", "pk": 9, "fields": {"app_label": "authtoken", "model": "token"}}, {"model": "contenttypes.contenttype", "pk": 10, "fields": {"app_label": "authtoken", "model": "tokenproxy"}}, {"model": "contenttypes.contenttype", "pk": 11, "fields": {"app_label": "sites", "model": "site"}}, {"model": "contenttypes.contenttype", "pk": 12, "fields": {"app_label": "account", "model": "emailaddress"}}, {"model": "contenttypes.contenttype", "pk": 13, "fields": {"app_label": "account", "model": "emailconfirmation"}}, {"model": "contenttypes.contenttype", "pk": 14, "fields": {"app_label": "socialaccount", "model": "socialaccount"}}, {"model": "contenttypes.contenttype", "pk": 15, "fields": {"app_label": "socialaccount", "model": "socialapp"}}, {"model": "contenttypes.contenttype", "pk": 16, "fields": {"app_label": "socialaccount", "model": "socialtoken"}}, {"model": "contenttypes.contenttype", "pk": 17, "fields": {"app_label": "knox", "model": "authtoken"}}, {"model": "contenttypes.contenttype", "pk": 18, "fields": {"app_label": "accounts", "model": "customuser"}}, {"model": "contenttypes.contenttype", "pk": 19, "fields": {"app_label": "token_blacklist", "model": "blacklistedtoken"}}, {"model": "contenttypes.contenttype", "pk": 20, "fields": {"app_label": "token_blacklist", "model": "outstandingtoken"}}, {"model": "sessions.session", "pk": "bqsqi9hl1nfryucbwug5vzie20f56mtf", "fields": {"session_data": ".eJxVjM0OwiAQhN-Fs2lYfoR40xdpFnYJxIYmFk6N7y41Pehxvm9mdjFjb3nuG7_mQuImQFx-WcD45HoIXJYDTxjj2mubvp1Tb9N9JK6tRGxlrY9z9XeVccvjRzMlAM2OnAU0Dj1YYGeArpiMBK-HRG0lESalbFIYrPRBekVechTvD7C9PCU:1nfLYY:kvXCW1xSmtEdtK1mmJuhO6PsWmad-sHmaQ1QdGx66Cg", "expire_date": "2022-04-29T13:00:10.001Z"}}, {"model": "sessions.session", "pk": "juklmnp97j72uiyipk7oaesgy5ekntgj", "fields": {"session_data": ".eJxVjMsOwiAQRf-FtSEMDyEu3fsNZGAGqRpISrsy_rtt0oVu7znnvkXEdalxHTzHicRFgDj9bgnzk9sO6IHt3mXubZmnJHdFHnTIWyd-XQ_376DiqFttmAqAYU_eAVqPARywt0BnLFZBMBtE4xQRFq1d0ZicCkkFTUFxFp8v2ME3sQ:1nKdCs:88G0OB7saIM4eYZIMWpoCaV7EKEu9hfogeCjnNkDIwU", "expire_date": "2022-03-03T09:36:10.989Z"}}, {"model": "sessions.session", "pk": "k87pg1v0c1urqo4kxogam2eendczwpns", "fields": {"session_data": ".eJxVjM0OwiAQhN-Fs2lYfoR40xdpFnYJxIYmFk6N7y41Pehxvm9mdjFjb3nuG7_mQuImQFx-WcD45HoIXJYDTxjj2mubvp1Tb9N9JK6tRGxlrY9z9XeVccvjRzMlAM2OnAU0Dj1YYGeArpiMBK-HRG0lESalbFIYrPRBekVechTvD7C9PCU:1nMCPW:_TmCYKBuMTpDlmRtg51ope_7c4nbiSKZq7r8CnGKsrg", "expire_date": "2022-03-07T17:23:42.488Z"}}, {"model": "sessions.session", "pk": "omqk53tie1z0tc5zqj5fq7kuauqb24h7", "fields": {"session_data": ".eJxVjM0OwiAQhN-Fs2lYfoR40xdpFnYJxIYmFk6N7y41Pehxvm9mdjFjb3nuG7_mQuImQFx-WcD45HoIXJYDTxjj2mubvp1Tb9N9JK6tRGxlrY9z9XeVccvjRzMlAM2OnAU0Dj1YYGeArpiMBK-HRG0lESalbFIYrPRBekVechTvD7C9PCU:1nKScb:9jBPeWkoQOnpKWakPhbG4mC80T_YZOrTq_BgodYWkCM", "expire_date": "2022-03-02T22:18:01.479Z"}}, {"model": "sessions.session", "pk": "r3ttz4i6b5u5mvg56h1dp349srewc0i2", "fields": {"session_data": ".eJxVjMsOwiAQRf-FtSEMDyEu3fsNZGAGqRpISrsy_rtt0oVu7znnvkXEdalxHTzHicRFgDj9bgnzk9sO6IHt3mXubZmnJHdFHnTIWyd-XQ_376DiqFttmAqAYU_eAVqPARywt0BnLFZBMBtE4xQRFq1d0ZicCkkFTUFxFp8v2ME3sQ:1nKSq4:nhO2NDMo8aQq7sjUKvGA0QdbFfMjMOvRkWikJ1hcQFY", "expire_date": "2022-03-02T22:31:56.472Z"}}, {"model": "sessions.session", "pk": "sfajext7jebvf176r87265svfuys0htz", "fields": {"session_data": ".eJxVjDsOwjAQBe_iGlm24y8lPWewdr0bHECOFCcV4u4QKQW0b2beS2TY1pq3zkueSJyFFqffDaE8uO2A7tBusyxzW5cJ5a7Ig3Z5nYmfl8P9O6jQ67cGZkKl4gAemcaA4L3laJONgYwLikIMyZAGa0sEJDcWGByDS2C08uL9AQRzOGQ:1nkAeM:ZThsMQt40adAbs_QdCSuXLYcutGA9zbir_5wt5Tbi50", "expire_date": "2022-05-12T20:22:06.456Z"}}, {"model": "sessions.session", "pk": "ty8g5cnya6ns1htayhfit2opbu1b0qk4", "fields": {"session_data": ".eJxVjM0OwiAQhN-Fs2lYfoR40xdpFnYJxIYmFk6N7y41Pehxvm9mdjFjb3nuG7_mQuImQFx-WcD45HoIXJYDTxjj2mubvp1Tb9N9JK6tRGxlrY9z9XeVccvjRzMlAM2OnAU0Dj1YYGeArpiMBK-HRG0lESalbFIYrPRBekVechTvD7C9PCU:1nKSeJ:UnD8TSt9Wc-4GbMNoZCXnBhj_aAiq9dhz0MyA5BhQ6Y", "expire_date": "2022-03-02T22:19:47.790Z"}}, {"model": "shop.category", "pk": 1, "fields": {"name": "wallets", "slug": "wallets", "photo": "photos/banner/WalletsBanner.png"}}, {"model": "shop.category", "pk": 2, "fields": {"name": "belts", "slug": "belts", "photo": "photos/banner/LeatherBeltBanner.png"}}, {"model": "shop.category", "pk": 3, "fields": {"name": "key kedges", "slug": "key-kedges", "photo": "photos/banner/KeyBanner.png"}}, {"model": "shop.category", "pk": 4, "fields": {"name": "phone cases", "slug": "phone-cases", "photo": "photos/banner/PhoneBanner.png"}}, {"model": "shop.category", "pk": 5, "fields": {"name": "accessories", "slug": "accessories", "photo": "photos/banner/AccessoriesBanner.png"}}, {"model": "shop.category", "pk": 6, "fields": {"name": "watch straps", "slug": "watch-straps", "photo": "photos/banner/WatchStrapsBanner.png"}}, {"model": "shop.category", "pk": 7, "fields": {"name": "bags", "slug": "bags", "photo": "photos/banner/LeatherBagBanner.png"}}, {"model": "shop.category", "pk": 8, "fields": {"name": "bracelets", "slug": "bracelets", "photo": "photos/banner/BraceletBanner.png"}}, {"model": "shop.category", "pk": 9, "fields": {"name": "fields notes covers", "slug": "fieldsnotescovers", "photo": "photos/banner/FieldNoteBanner.png"}}, {"model": "shop.category", "pk": 10, "fields": {"name": "new products", "slug": "", "photo": "photos/banner/NewProducts.png"}}, {"model": "shop.product", "pk": 1, "fields": {"category": 1, "name": "Dakota Bifold Wallet", "slug": "dakota-bifold-wallet", "description": "", "price": "84.95", "stock": 5, "available": true, "created": "2022-02-10T22:58:57.086Z", "updated": "2022-04-15T13:13:06.211Z", "photo": "photos/DakotaBifoldWallet_MFu8fPM.png", "photo2": "photos/DakotaBifoldWallet2_swBiSBl.png", "brandimage": "", "color": "white"}}, {"model": "shop.product", "pk": 2, "fields": {"category": 1, "name": "Insider Leather Wallet", "slug": "insider-leather-wallet", "description": "", "price": "65.00", "stock": 5, "available": true, "created": "2022-02-10T22:59:50.133Z", "updated": "2022-04-15T13:12:59.664Z", "photo": "photos/InsiderWallet_U5rEQmC.png", "photo2": "photos/InsiderWallet2_UGn6DCU.png", "brandimage": "", "color": "white"}}, {"model": "shop.product", "pk": 3, "fields": {"category": 1, "name": "Ryder Reserve Bison Wallet", "slug": "ryder-reserve-bison-wallet", "description": "", "price": "49.95", "stock": 5, "available": true, "created": "2022-02-10T23:01:03.577Z", "updated": "2022-04-15T13:12:46.437Z", "photo": "photos/RyderReserveBisonWallet_OyOMNbW.png", "photo2": "photos/RyderReserveBisonWallet2_n2WCyoZ.png", "brandimage": "", "color": "white"}}, {"model": "shop.product", "pk": 4, "fields": {"category": 1, "name": "Chelsea Leather Clutch", "slug": "chelsea-leather-clutch", "description": "", "price": "139.95", "stock": 5, "available": true, "created": "2022-02-10T23:01:38.829Z", "updated": "2022-04-15T13:13:03.033Z", "photo": "photos/ChelseaLeatherClutch_dnyHAzj.png", "photo2": "photos/ChelseaLeatherClutch2.png", "brandimage": "", "color": "white"}}, {"model": "shop.product", "pk": 5, "fields": {"category": 1, "name": "Madison Checkbook Wallet", "slug": "madison-checkbook-wallet", "description": "", "price": "109.70", "stock": 5, "available": true, "created": "2022-02-10T23:02:38.912Z", "updated": "2022-04-15T13:12:55.091Z", "photo": "photos/MadisonCheckbookWallet_y0m4W7B.png", "photo2": "photos/MadisonCheckbookWallet2.png", "brandimage": "", "color": "white"}}, {"model": "shop.product", "pk": 6, "fields": {"category": 1, "name": "Madison Wristlet Wallet", "slug": "madison-wristlet-wallet", "description": "", "price": "124.90", "stock": 5, "available": true, "created": "2022-02-10T23:03:12.514Z", "updated": "2022-04-15T13:12:50.173Z", "photo": "photos/MadisonWristletWallet_15dOuYQ.png", "photo2": "photos/MadisonWristletWallet2.png", "brandimage": "", "color": "white"}}, {"model": "shop.product", "pk": 7, "fields": {"category": 1, "name": "Ryder Reserve Trifold Wallet", "slug": "ryder-reserve-trifold-wallet", "description": "", "price": "99.94", "stock": 5, "available": true, "created": "2022-02-10T23:04:04.430Z", "updated": "2022-04-15T13:12:42.287Z", "photo": "photos/RyderReserveTrifoldWallet_Za2WyCm.png", "photo2": "photos/RyderReserveTrifoldWallet2.png", "brandimage": "", "color": "white"}}, {"model": "shop.product", "pk": 8, "fields": {"category": 1, "name": "Enfold Fullsize Wallet", "slug": "enfold-fullsize-wallet", "description": "", "price": "70.55", "stock": 5, "available": true, "created": "2022-02-10T23:04:28.659Z", "updated": "2022-04-15T13:13:13.569Z", "photo": "photos/EnfoldFullsizeWallet_GQWa2fY.png", "photo2": "photos/EnfoldFullsizeWallet2.png", "brandimage": "", "color": "white"}}, {"model": "shop.product", "pk": 9, "fields": {"category": 1, "name": "Denver Billfold Wallet", "slug": "denver-billfold-wallet", "description": "", "price": "84.95", "stock": 5, "available": true, "created": "2022-02-10T23:04:54.999Z", "updated": "2022-04-15T13:13:09.750Z", "photo": "photos/DenverBillfoldWallet_7B2bYOU.png", "photo2": "photos/DenverBillfoldWallet2.png", "brandimage": "", "color": "white"}}, {"model": "shop.product", "pk": 10, "fields": {"category": 7, "name": "Denver Travel Duffle Bag", "slug": "denver-travel-duffle-bag", "description": "", "price": "399.95", "stock": 5, "available": true, "created": "2022-02-10T23:06:07.083Z", "updated": "2022-04-15T13:04:09.728Z", "photo": "photos/DenverTravelDuffleBag_7RSEc2D.png", "photo2": "photos/DenverTravelDuffleBag2.png", "brandimage": "photos/svg/Tag_BpydniS.svg", "color": "white"}}, {"model": "shop.product", "pk": 11, "fields": {"category": 7, "name": "Ryder Reserve Travel Duffle Bag", "slug": "ryder-reserve-travel-duffle-bag", "description": "", "price": "549.95", "stock": 5, "available": true, "created": "2022-02-10T23:06:47.642Z", "updated": "2022-04-15T13:03:52.940Z", "photo": "photos/RyderReserveTravelDuffleBag_ePbK98h.png", "photo2": "photos/RyderReserveTravelDuffleBag2.png", "brandimage": "", "color": "white"}}, {"model": "shop.product", "pk": 12, "fields": {"category": 7, "name": "Camden Braided Tote", "slug": "camden-braided-tote", "description": "", "price": "224.94", "stock": 5, "available": true, "created": "2022-02-10T23:07:19.013Z", "updated": "2022-04-15T13:02:12.183Z", "photo": "photos/CamdenBraidedTote_gWl4PSa.png", "photo2": "photos/CamdenBraidedTote2.png", "brandimage": "", "color": "white"}}, {"model": "shop.product", "pk": 13, "fields": {"category": 7, "name": "Leather Madison Tote", "slug": "leather-madison-tote", "description": "", "price": "225.95", "stock": 5, "available": true, "created": "2022-02-10T23:07:51.275Z", "updated": "2022-04-15T13:04:06.281Z", "photo": "photos/MadisonTote_DJ6nVon.png", "photo2": "photos/MadisonTote2.png", "brandimage": "", "color": "white"}}, {"model": "shop.product", "pk": 14, "fields": {"category": 7, "name": "Ryder Reserve Laptop Briefcase", "slug": "ryder-reserve-laptop-briefcase", "description": "", "price": "449.95", "stock": 5, "available": true, "created": "2022-02-10T23:08:27.677Z", "updated": "2022-04-15T13:03:56.229Z", "photo": "photos/RyderReserveLaptopBriefcase_TMxuuQP.png", "photo2": "photos/RyderReserveLaptopBriefcase2.png", "brandimage": "", "color": "white"}}, {"model": "shop.product", "pk": 15, "fields": {"category": 7, "name": "Roosevelt Buffalo Messenger Bag", "slug": "roosevelt-buffalo-messenger-bag", "description": "", "price": "299.95", "stock": 5, "available": true, "created": "2022-02-10T23:08:58.262Z", "updated": "2022-04-15T13:03:59.430Z", "photo": "photos/RooseveltBuffaloMessengerBag_vz5SHFb.png", "photo2": "photos/RooseveltBuffaloMessengerBag2.png", "brandimage": "", "color": "white"}}, {"model": "shop.product", "pk": 16, "fields": {"category": 7, "name": "Leather Walker Tote", "slug": "leather-walker-tote", "description": "", "price": "239.95", "stock": 5, "available": true, "created": "2022-02-10T23:09:40.054Z", "updated": "2022-04-15T13:04:02.856Z", "photo": "photos/WalkerTote.png", "photo2": "photos/WalkerTote2.png", "brandimage": "photos/svg/Tag_FhAKkNi.svg", "color": "white"}}, {"model": "shop.product", "pk": 17, "fields": {"category": 7, "name": "Walker Small Backpack", "slug": "walker-small-backpack", "description": "", "price": "199.95", "stock": 5, "available": true, "created": "2022-02-10T23:10:07.250Z", "updated": "2022-04-15T13:03:46.613Z", "photo": "photos/WalkerSmallBackpack_xCrgCNZ.png", "photo2": "photos/WalkerSmallBackpack2.png", "brandimage": "", "color": "white"}}, {"model": "shop.product", "pk": 18, "fields": {"category": 7, "name": "Walker Leather Backpack", "slug": "walker-leather-backpack", "description": "", "price": "299.95", "stock": 5, "available": true, "created": "2022-02-10T23:10:39.196Z", "updated": "2022-04-15T13:03:49.830Z", "photo": "photos/WalkerLeatherBackpack_HqbEr6E.png", "photo2": "photos/WalkerLeatherBackpack2.png", "brandimage": "photos/svg/Tag_ufkrQRQ.svg", "color": "white"}}, {"model": "shop.product", "pk": 19, "fields": {"category": 2, "name": "Craft Belt", "slug": "craft-belt", "description": "", "price": "110.00", "stock": 5, "available": true, "created": "2022-02-10T23:11:29.113Z", "updated": "2022-04-15T13:05:00.246Z", "photo": "photos/CraftBeltBrown_yy9YFaw.png", "photo2": "photos/CraftBeltBrown2.png", "brandimage": "photos/svg/Tag_1HyDKRb.svg", "color": "white"}}, {"model": "shop.product", "pk": 20, "fields": {"category": 2, "name": "Mountain Belt", "slug": "mountain-belt", "description": "", "price": "135.00", "stock": 5, "available": true, "created": "2022-02-10T23:12:03.961Z", "updated": "2022-04-15T13:04:44.362Z", "photo": "photos/MountainBeltDarkBrown_Xnn0lRN.png", "photo2": "photos/MountainBeltDarkBrown2.png", "brandimage": "", "color": "white"}}, {"model": "shop.product", "pk": 21, "fields": {"category": 2, "name": "Blackout Belt", "slug": "blackout-belt", "description": "", "price": "115.00", "stock": 5, "available": true, "created": "2022-02-10T23:12:54.976Z", "updated": "2022-04-15T13:01:18.065Z", "photo": "photos/BlackoutBelt_1Ff5vpW.png", "photo2": "photos/BlackoutBelt2_UjJz6hf.png", "brandimage": "", "color": "white"}}, {"model": "shop.product", "pk": 22, "fields": {"category": 2, "name": "Craft Belt Olive", "slug": "craft-belt-olive", "description": "", "price": "120.00", "stock": 5, "available": true, "created": "2022-02-10T23:13:51.840Z", "updated": "2022-04-15T13:04:50.166Z", "photo": "photos/CraftBeltOlive_f1yKciz.png", "photo2": "photos/CraftBeltOlive2_T0jdAKi.png", "brandimage": "photos/svg/Tag_XCD83bh.svg", "color": "white"}}, {"model": "shop.product", "pk": 23, "fields": {"category": 2, "name": "Craft Belt Black", "slug": "craft-belt-black", "description": "", "price": "115.00", "stock": 5, "available": true, "created": "2022-02-10T23:14:57.387Z", "updated": "2022-04-15T13:04:56.907Z", "photo": "photos/CraftBeltBlack_SeR8gTd.png", "photo2": "photos/CraftBeltBlack2.png", "brandimage": "", "color": "white"}}, {"model": "shop.product", "pk": 24, "fields": {"category": 2, "name": "Stockton Belt", "slug": "stockton-belt", "description": "", "price": "125.90", "stock": 5, "available": true, "created": "2022-02-10T23:16:07.299Z", "updated": "2022-04-15T13:04:37.418Z", "photo": "photos/StocktonBelt_zWrVu6w.png", "photo2": "photos/StocktonBelt2.png", "brandimage": "", "color": "white"}}, {"model": "shop.product", "pk": 25, "fields": {"category": 2, "name": "Heritage Belt", "slug": "heritage-belt", "description": "", "price": "95.25", "stock": 5, "available": true, "created": "2022-02-10T23:16:37.141Z", "updated": "2022-04-23T08:28:37.682Z", "photo": "photos/HeritageBelt_ptIhlbS.png", "photo2": "photos/HeritageBelt_D1rRBYz.png", "brandimage": "", "color": "white"}}, {"model": "shop.product", "pk": 26, "fields": {"category": 2, "name": "Craft Belt Natural", "slug": "craft-belt-natural", "description": "", "price": "110.00", "stock": 5, "available": true, "created": "2022-02-10T23:17:19.766Z", "updated": "2022-04-15T13:04:53.439Z", "photo": "photos/CraftBeltNatural_TW4P6fa.png", "photo2": "photos/CraftBeltNatural2.png", "brandimage": "", "color": "white"}}, {"model": "shop.product", "pk": 27, "fields": {"category": 2, "name": "Mountain Belt Russet", "slug": "mountain-belt-2", "description": "", "price": "135.95", "stock": 5, "available": true, "created": "2022-02-10T23:18:14.309Z", "updated": "2022-04-15T13:04:41.142Z", "photo": "photos/MountainBeltRusset_4fvYPzp.png", "photo2": "photos/MountainBeltRusset2_7IZW2IA.png", "brandimage": "", "color": "white"}}, {"model": "shop.product", "pk": 28, "fields": {"category": 8, "name": "Personalized Leather Bracelet", "slug": "personalized-leather-bracelet", "description": "", "price": "35.90", "stock": 5, "available": true, "created": "2022-02-10T23:20:28.849Z", "updated": "2022-04-15T13:09:28.818Z", "photo": "photos/PersonalizedBracelet_7jbLeGq.png", "photo2": "photos/PersonalizedBracelet2_2JWwKKe.png", "brandimage": "photos/svg/Tag_ga0eRC7.svg", "color": "white"}}, {"model": "shop.product", "pk": 29, "fields": {"category": 8, "name": "Double Wrap Mountain Cuff", "slug": "double-wrap-mountain-cuff", "description": "", "price": "40.00", "stock": 5, "available": true, "created": "2022-02-10T23:20:57.797Z", "updated": "2022-04-15T13:09:45.616Z", "photo": "photos/DoubleWrapMountainCuff_Sjll8we.png", "photo2": "photos/DoubleWrapMountainCuff2.png", "brandimage": "photos/svg/CraftLore.svg", "color": "white"}}, {"model": "shop.product", "pk": 30, "fields": {"category": 8, "name": "Leather Knot Bracelet", "slug": "leather-knot-bracelet", "description": "", "price": "30.50", "stock": 5, "available": true, "created": "2022-02-10T23:21:32.049Z", "updated": "2022-04-15T13:09:56.083Z", "photo": "photos/KnotBracelet_2ac3KQz.png", "photo2": "photos/KnotBracelet2.png", "brandimage": "", "color": "white"}}, {"model": "shop.product", "pk": 31, "fields": {"category": 8, "name": "Strappy Wrap Bracelet", "slug": "strappy-wrap-bracelet", "description": "", "price": "30.15", "stock": 5, "available": true, "created": "2022-02-10T23:22:01.653Z", "updated": "2022-04-15T13:09:14.183Z", "photo": "photos/StrappyWrapBracelet_T9yWOVi.png", "photo2": "photos/StrappyWrapBracelet2.png", "brandimage": "", "color": "white"}}, {"model": "shop.product", "pk": 32, "fields": {"category": 8, "name": "Simple Adjustable Cuff", "slug": "simple-adjustable-cuff", "description": "", "price": "30.45", "stock": 5, "available": true, "created": "2022-02-10T23:22:36.432Z", "updated": "2022-04-15T13:09:21.341Z", "photo": "photos/SimpleAdjustableCuff_2Zc3y3G.png", "photo2": "photos/SimpleAdjustableCuff2.png", "brandimage": "", "color": "white"}}, {"model": "shop.product", "pk": 33, "fields": {"category": 8, "name": "Secret Message Bracelet", "slug": "secret-message-bracelet", "description": "", "price": "45.90", "stock": 5, "available": true, "created": "2022-02-10T23:23:07.604Z", "updated": "2022-04-15T13:09:25.175Z", "photo": "photos/SecretMessageBracelet_Lm7rFe0.png", "photo2": "photos/SecretMessageBracelet2.png", "brandimage": "", "color": "white"}}, {"model": "shop.product", "pk": 34, "fields": {"category": 8, "name": "Hefty Braided Bracelet", "slug": "hefty-braided-bracelet", "description": "", "price": "42.40", "stock": 5, "available": true, "created": "2022-02-10T23:23:31.909Z", "updated": "2022-04-15T13:09:37.534Z", "photo": "photos/HeftyBraidedBracelet_hw0p920.png", "photo2": "photos/HeftyBraidedBracelet2.png", "brandimage": "", "color": "white"}}, {"model": "shop.product", "pk": 35, "fields": {"category": 8, "name": "Single Wrap Craft Cuff", "slug": "single-wrap-craft-cuff", "description": "", "price": "27.00", "stock": 5, "available": true, "created": "2022-02-10T23:24:02.409Z", "updated": "2022-04-15T13:09:17.456Z", "photo": "photos/SingleWrapCraftCuff_SwFEPRT.png", "photo2": "photos/SingleWrapCraftCuff2.png", "brandimage": "photos/svg/Tag_Zhi2QkN.svg", "color": "white"}}, {"model": "shop.product", "pk": 36, "fields": {"category": 8, "name": "Mystery Braid Bracelet", "slug": "mystery-braid-bracelet", "description": "", "price": "25.00", "stock": 5, "available": true, "created": "2022-02-10T23:24:28.525Z", "updated": "2022-04-15T13:10:01.454Z", "photo": "photos/MysteryBraidBracelet_PcKziyP.png", "photo2": "photos/MysteryBraidBracelet2.png", "brandimage": "", "color": "white"}}, {"model": "shop.product", "pk": 37, "fields": {"category": 3, "name": "Brass Key Hook", "slug": "brass-key-hook", "description": "", "price": "25.00", "stock": 5, "available": true, "created": "2022-02-10T23:24:58.189Z", "updated": "2022-04-15T13:01:59.206Z", "photo": "photos/BrassKeyHook.png", "photo2": "photos/BrassKeyHook2.png", "brandimage": "", "color": "white"}}, {"model": "shop.product", "pk": 38, "fields": {"category": 3, "name": "Utility Key Clip", "slug": "utility-key-clip", "description": "", "price": "30.00", "stock": 5, "available": true, "created": "2022-02-10T23:25:24.629Z", "updated": "2022-04-15T13:11:22.694Z", "photo": "photos/UtilityKeyClip_B583k1T.png", "photo2": "photos/UtilityKeyClip2.png", "brandimage": "", "color": "white"}}, {"model": "shop.product", "pk": 39, "fields": {"category": 3, "name": "Leather Key Kedge", "slug": "leather-key-kedge", "description": "", "price": "35.00", "stock": 5, "available": true, "created": "2022-02-10T23:25:56.215Z", "updated": "2022-04-15T13:11:13.302Z", "photo": "photos/KeyKedge_on3JEsm.png", "photo2": "photos/KeyKedge2.png", "brandimage": "", "color": "white"}}, {"model": "shop.product", "pk": 40, "fields": {"category": 3, "name": "Short Key Clip", "slug": "short-key-clip", "description": "", "price": "28.00", "stock": 5, "available": true, "created": "2022-02-10T23:26:26.838Z", "updated": "2022-04-15T13:11:30.786Z", "photo": "photos/ShortKeyClip_XxXvxxl.png", "photo2": "photos/ShortKeyClip2.png", "brandimage": "", "color": "white"}}, {"model": "shop.product", "pk": 41, "fields": {"category": 3, "name": "Tassel Key Chain", "slug": "tassel-key-chain", "description": "", "price": "25.00", "stock": 5, "available": true, "created": "2022-02-10T23:26:50.739Z", "updated": "2022-04-15T13:11:26.858Z", "photo": "photos/TasselKeyChain_D7qGMIY.png", "photo2": "photos/TasselKeyChain2.png", "brandimage": "", "color": "white"}}, {"model": "shop.product", "pk": 42, "fields": {"category": 3, "name": "Wood Brown Key Holder", "slug": "wood-brown-key-holder", "description": "", "price": "32.30", "stock": 5, "available": true, "created": "2022-02-10T23:27:18.874Z", "updated": "2022-04-15T13:11:18.458Z", "photo": "photos/WoodBrownKeyHolder_EgOnCIK.png", "photo2": "photos/WoodBrownKeyHolder2.png", "brandimage": "", "color": "white"}}, {"model": "shop.product", "pk": 43, "fields": {"category": 3, "name": "Reserve Key Strap", "slug": "reserve-key-strap", "description": "", "price": "24.95", "stock": 5, "available": true, "created": "2022-02-10T23:27:45.896Z", "updated": "2022-04-15T13:11:35.350Z", "photo": "photos/ReserveKeyStrap_Duogcya.png", "photo2": "photos/ReserveKeyStrap2.png", "brandimage": "", "color": "white"}}, {"model": "shop.product", "pk": 44, "fields": {"category": 3, "name": "Dark Brown Key Holder", "slug": "dark-brown-key-holder", "description": "", "price": "32.10", "stock": 5, "available": true, "created": "2022-02-10T23:28:09.732Z", "updated": "2022-04-15T13:11:05.602Z", "photo": "photos/DarkBrownKeyHolder_xPfTpsN.png", "photo2": "photos/DarkBrownKeyHolder2.png", "brandimage": "", "color": "white"}}, {"model": "shop.product", "pk": 45, "fields": {"category": 3, "name": "Wood Brown Key Organizer", "slug": "wood-brown-key-organizer", "description": "", "price": "25.00", "stock": 5, "available": true, "created": "2022-02-10T23:28:33.139Z", "updated": "2022-04-15T13:11:09.637Z", "photo": "photos/WoodBrownKeyOrganizer_BhxWQ70.png", "photo2": "photos/WoodBrownKeyOrganizer2.png", "brandimage": "", "color": "white"}}, {"model": "shop.product", "pk": 46, "fields": {"category": 9, "name": "Black Field Notes Cover", "slug": "black-field-notes-cover", "description": "", "price": "54.99", "stock": 5, "available": true, "created": "2022-02-10T23:29:25.317Z", "updated": "2022-04-15T13:01:08.987Z", "photo": "photos/BlackFieldNotesCover_BN4TkJS.png", "photo2": "photos/BlackFieldNotesCover2.png", "brandimage": "", "color": "white"}}, {"model": "shop.product", "pk": 47, "fields": {"category": 9, "name": "Northswestward Field Notes", "slug": "northswestward-field-notes", "description": "", "price": "81.90", "stock": 5, "available": true, "created": "2022-02-10T23:30:00.195Z", "updated": "2022-04-15T13:10:23.583Z", "photo": "photos/NorthswestwardFieldNotes_62s3mDz.png", "photo2": "photos/NorthswestwardFieldNotes2.png", "brandimage": "", "color": "white"}}, {"model": "shop.product", "pk": 48, "fields": {"category": 9, "name": "Dakota Field Notes Cover", "slug": "dakota-field-notes-cover", "description": "", "price": "99.95", "stock": 5, "available": true, "created": "2022-02-10T23:30:29.821Z", "updated": "2022-04-15T13:10:47.471Z", "photo": "photos/DakotaFieldNotesCover_giN0wjW.png", "photo2": "photos/DakotaFieldNotesCover2.png", "brandimage": "", "color": "white"}}, {"model": "shop.product", "pk": 49, "fields": {"category": 9, "name": "Horween Field Notes", "slug": "horween-field-notes", "description": "", "price": "100.00", "stock": 5, "available": true, "created": "2022-02-10T23:31:20.131Z", "updated": "2022-04-15T13:10:37.120Z", "photo": "photos/HorweenFieldNotes_nL50GTu.png", "photo2": "photos/HorweenFieldNotes2.png", "brandimage": "", "color": "white"}}, {"model": "shop.product", "pk": 50, "fields": {"category": 9, "name": "Denver Journal Cover", "slug": "denver-journal-cover", "description": "", "price": "74.95", "stock": 5, "available": true, "created": "2022-02-10T23:31:47.610Z", "updated": "2022-04-15T13:10:40.040Z", "photo": "photos/DenverJournalCover_CA5S4uZ.png", "photo2": "photos/DenverJournalCover2.png", "brandimage": "", "color": "white"}}, {"model": "shop.product", "pk": 51, "fields": {"category": 9, "name": "Woodlander Leather Notebook", "slug": "woodlander-leather-notebook", "description": "", "price": "94.95", "stock": 5, "available": true, "created": "2022-02-10T23:32:12.792Z", "updated": "2022-04-15T13:10:19.842Z", "photo": "photos/WoodlanderNotebook_pGn91js.png", "photo2": "photos/WoodlanderNotebook2.png", "brandimage": "", "color": "white"}}, {"model": "shop.product", "pk": 52, "fields": {"category": 9, "name": "Large Denver Journal Cover", "slug": "large-denver-journal-cover", "description": "", "price": "84.70", "stock": 5, "available": true, "created": "2022-02-10T23:32:38.388Z", "updated": "2022-04-15T13:10:33.832Z", "photo": "photos/LargeDenverJournalCover_ZXAAw4U.png", "photo2": "photos/LargeDenverJournalCover2.png", "brandimage": "photos/svg/Tag_67kgQjm.svg", "color": "white"}}, {"model": "shop.product", "pk": 53, "fields": {"category": 9, "name": "CheckBook Leather Wallet", "slug": "checkbook-leather-wallet", "description": "", "price": "254.00", "stock": 5, "available": true, "created": "2022-02-10T23:33:05.670Z", "updated": "2022-04-15T13:10:51.046Z", "photo": "photos/CheckBookWallet_Ago3eXv.png", "photo2": "photos/CheckBookWallet2.png", "brandimage": "", "color": "white"}}, {"model": "shop.product", "pk": 54, "fields": {"category": 9, "name": "Leather Notebook Cover", "slug": "leather-notebook-cover", "description": "", "price": "184.95", "stock": 5, "available": true, "created": "2022-02-10T23:33:37.856Z", "updated": "2022-04-15T13:10:27.188Z", "photo": "photos/NotebookCover_Lq36obl.png", "photo2": "photos/NotebookCover2.png", "brandimage": "", "color": "white"}}, {"model": "shop.product", "pk": 55, "fields": {"category": 4, "name": "Dark Wool Felt Phone Case", "slug": "dark-wool-felt-phone-case", "description": "", "price": "44.95", "stock": 5, "available": true, "created": "2022-02-10T23:34:15.965Z", "updated": "2022-04-15T13:12:19.869Z", "photo": "photos/DarkWoolFeltPhoneCase_EdnZV7o.png", "photo2": "photos/DarkWoolFeltPhoneCase2.png", "brandimage": "", "color": "white"}}, {"model": "shop.product", "pk": 56, "fields": {"category": 4, "name": "Dark Pocket Phone Case", "slug": "dark-pocket-phone-case", "description": "", "price": "42.50", "stock": 5, "available": true, "created": "2022-02-10T23:34:37.982Z", "updated": "2022-04-15T13:12:12.286Z", "photo": "photos/DarkPocketPhoneCase_eyrZzQw.png", "photo2": "photos/DarkPocketPhoneCase2.png", "brandimage": "", "color": "white"}}, {"model": "shop.product", "pk": 57, "fields": {"category": 4, "name": "Minimalist Phone Case", "slug": "minimalist-phone-case", "description": "", "price": "54.70", "stock": 5, "available": true, "created": "2022-02-10T23:35:10.469Z", "updated": "2022-04-15T13:12:31.607Z", "photo": "photos/MinimalistPhoneCase_IzEOjcX.png", "photo2": "photos/MinimalistPhoneCase2.png", "brandimage": "", "color": "white"}}, {"model": "shop.product", "pk": 58, "fields": {"category": 4, "name": "Dark Minimalist Phone Case", "slug": "dark-minimalist-phone-case", "description": "", "price": "54.70", "stock": 5, "available": true, "created": "2022-02-10T23:35:41.259Z", "updated": "2022-04-15T13:12:08.754Z", "photo": "photos/DarkMinimalistPhoneCase_PuYPnj6.png", "photo2": "photos/DarkMinimalistPhoneCase2.png", "brandimage": "", "color": "white"}}, {"model": "shop.product", "pk": 59, "fields": {"category": 4, "name": "Dark Iphone Leather Case", "slug": "dark-iphone-leather-case", "description": "", "price": "44.95", "stock": 5, "available": true, "created": "2022-02-10T23:36:16.710Z", "updated": "2022-04-15T13:12:05.038Z", "photo": "photos/DarkIphoneLeatherCase.png", "photo2": "photos/DarkIphoneLeatherCase2.png", "brandimage": "", "color": "white"}}, {"model": "shop.product", "pk": 60, "fields": {"category": 4, "name": "Two Iphone Case", "slug": "two-iphone-case", "description": "", "price": "67.85", "stock": 5, "available": true, "created": "2022-02-10T23:36:41.141Z", "updated": "2022-04-15T13:12:35.159Z", "photo": "photos/TwoIphoneCase_bbUAN8t.png", "photo2": "photos/TwoIphoneCase2.png", "brandimage": "", "color": "white"}}, {"model": "shop.product", "pk": 61, "fields": {"category": 4, "name": "Iphone Leather Case", "slug": "iphone-leather-case", "description": "", "price": "44.95", "stock": 5, "available": true, "created": "2022-02-10T23:37:06.337Z", "updated": "2022-04-15T13:12:23.911Z", "photo": "photos/IphoneLeatherCase_SfQsieR.png", "photo2": "photos/IphoneLeatherCase2.png", "brandimage": "", "color": "white"}}, {"model": "shop.product", "pk": 62, "fields": {"category": 4, "name": "Leather Pocket Phone Case", "slug": "leather-pocket-phone-case", "description": "", "price": "42.50", "stock": 5, "available": true, "created": "2022-02-10T23:37:32.683Z", "updated": "2022-04-15T13:12:27.936Z", "photo": "photos/LeatherPocketPhoneCase_z3jriyN.png", "photo2": "photos/LeatherPocketPhoneCase2.png", "brandimage": "", "color": "white"}}, {"model": "shop.product", "pk": 63, "fields": {"category": 4, "name": "Dark Two Iphone Case", "slug": "dark-two-iphone-case", "description": "", "price": "67.85", "stock": 5, "available": true, "created": "2022-02-10T23:37:59.749Z", "updated": "2022-04-15T13:12:16.263Z", "photo": "photos/DarkTwoIphoneCase_g3hK8He.png", "photo2": "photos/DarkTwoIphoneCase2.png", "brandimage": "", "color": "white"}}, {"model": "shop.product", "pk": 64, "fields": {"category": 6, "name": "Nato Watch Strap", "slug": "nato-watch-strap", "description": "", "price": "95.00", "stock": 5, "available": true, "created": "2022-02-10T23:38:44.066Z", "updated": "2022-04-15T13:13:32.115Z", "photo": "photos/NatoWatchStrap_NOvrwF0.png", "photo2": "photos/NatoWatchStrap2.png", "brandimage": "", "color": "white"}}, {"model": "shop.product", "pk": 65, "fields": {"category": 6, "name": "Dakota Apple Watch Strap", "slug": "dakota-apple-watch-strap", "description": "", "price": "104.95", "stock": 5, "available": true, "created": "2022-02-10T23:39:09.229Z", "updated": "2022-04-15T13:13:49.844Z", "photo": "photos/DakotaAppleWatchStrap_3gdbfLa.png", "photo2": "photos/DakotaAppleWatchStrap2.png", "brandimage": "", "color": "white"}}, {"model": "shop.product", "pk": 66, "fields": {"category": 6, "name": "Tan Apple Watch Strap", "slug": "tan-apple-watch-strap", "description": "", "price": "97.95", "stock": 5, "available": true, "created": "2022-02-10T23:39:35.470Z", "updated": "2022-04-15T13:13:23.222Z", "photo": "photos/TanAppleWatchStrap_KyTb4VX.png", "photo2": "photos/TanAppleWatchStrap2.png", "brandimage": "", "color": "white"}}, {"model": "shop.product", "pk": 67, "fields": {"category": 6, "name": "Diesel Apple Watch Strap", "slug": "diesel-apple-watch-strap", "description": "", "price": "110.00", "stock": 5, "available": true, "created": "2022-02-10T23:40:00.733Z", "updated": "2022-04-15T13:13:44.500Z", "photo": "photos/DieselAppleWatchStrap_p23cM5x.png", "photo2": "photos/DieselAppleWatchStrap2.png", "brandimage": "", "color": "white"}}, {"model": "shop.product", "pk": 68, "fields": {"category": 6, "name": "Nato Apple Watch Strap", "slug": "nato-apple-watch-strap", "description": "", "price": "114.95", "stock": 5, "available": true, "created": "2022-02-10T23:40:30.153Z", "updated": "2022-04-15T13:13:36.090Z", "photo": "photos/NatoAppleWatchStrap_fJQlWJ1.png", "photo2": "photos/NatoAppleWatchStrap2.png", "brandimage": "", "color": "white"}}, {"model": "shop.product", "pk": 69, "fields": {"category": 6, "name": "Honey Apple Watch Strap", "slug": "honey-apple-watch-strap", "description": "", "price": "95.30", "stock": 5, "available": true, "created": "2022-02-10T23:40:59.560Z", "updated": "2022-04-15T13:13:40.693Z", "photo": "photos/HoneyAppleWatchStrap_bwpdWsW.png", "photo2": "photos/HoneyAppleWatchStrap2.png", "brandimage": "", "color": "white"}}, {"model": "shop.product", "pk": 70, "fields": {"category": 6, "name": "Saddle Tan Watch Strap", "slug": "saddle-tan-watch-strap", "description": "", "price": "200.00", "stock": 5, "available": true, "created": "2022-02-10T23:41:23.949Z", "updated": "2022-04-15T13:13:27.368Z", "photo": "photos/SaddleTanWatchStrap.png", "photo2": "photos/SaddleTanWatchStrap2.png", "brandimage": "", "color": "white"}}, {"model": "shop.product", "pk": 71, "fields": {"category": 6, "name": "Amber Apple Watch Strap", "slug": "amber-apple-watch-strap", "description": "", "price": "94.70", "stock": 5, "available": true, "created": "2022-02-10T23:41:46.134Z", "updated": "2022-04-15T13:00:40.307Z", "photo": "photos/AmberAppleWatchStrap_Ei9q500.png", "photo2": "photos/AmberAppleWatchStrap2.png", "brandimage": "", "color": "white"}}, {"model": "shop.product", "pk": 72, "fields": {"category": 6, "name": "Brown Apple Watch Strap", "slug": "brown-apple-watch-strap", "description": "", "price": "99.95", "stock": 5, "available": true, "created": "2022-02-10T23:42:06.816Z", "updated": "2022-04-15T13:02:05.436Z", "photo": "photos/BrownAppleWatchStrap_2fcFHvR.png", "photo2": "photos/BrownAppleWatchStrap2.png", "brandimage": "", "color": "white"}}, {"model": "shop.product", "pk": 73, "fields": {"category": 5, "name": "Leather Camera Strap", "slug": "leather-camera-strap", "description": "", "price": "85.00", "stock": 5, "available": true, "created": "2022-02-10T23:42:32.182Z", "updated": "2022-04-15T13:02:21.630Z", "photo": "photos/LeatherCameraStrap_oI8mO42.png", "photo2": "photos/AccessoriesBanner.png", "brandimage": "photos/svg/Tag.svg", "color": "white"}}, {"model": "shop.product", "pk": 74, "fields": {"category": 5, "name": "Leather Sunglass Case", "slug": "leather-sunglass-case", "description": "", "price": "85.75", "stock": 5, "available": true, "created": "2022-02-10T23:42:58.046Z", "updated": "2022-04-15T13:03:03.886Z", "photo": "photos/LeatherSunglassCase_ZfePAoZ.png", "photo2": "photos/LeatherSunglassCase2.png", "brandimage": "", "color": "white"}}, {"model": "shop.product", "pk": 75, "fields": {"category": 5, "name": "Leather Coaster Set", "slug": "leather-coaster-set", "description": "", "price": "85.00", "stock": 5, "available": true, "created": "2022-02-10T23:44:17.581Z", "updated": "2022-04-15T13:02:40.525Z", "photo": "photos/LeatherCoasterSet_SLizuCC.png", "photo2": "photos/LeatherCoasterSet2.png", "brandimage": "", "color": "white"}}, {"model": "shop.product", "pk": 76, "fields": {"category": 5, "name": "Leather Parts Bag", "slug": "leather-parts-bag", "description": "", "price": "65.95", "stock": 5, "available": true, "created": "2022-02-10T23:44:40.191Z", "updated": "2022-04-15T13:03:26.646Z", "photo": "photos/LeatherPartsBag_EWzHciT.png", "photo2": "photos/LeatherPartsBag2.png", "brandimage": "", "color": "white"}}, {"model": "shop.product", "pk": 77, "fields": {"category": 5, "name": "Leather Lighter Sleeve", "slug": "leather-lighter-sleeve", "description": "", "price": "30.00", "stock": 5, "available": true, "created": "2022-02-10T23:45:07.285Z", "updated": "2022-04-15T13:02:56.611Z", "photo": "photos/LighterSleeve_9AE5iUL.png", "photo2": "photos/LighterSleeve2.png", "brandimage": "photos/svg/Tag_tiPcSr9.svg", "color": "white"}}, {"model": "shop.product", "pk": 78, "fields": {"category": 5, "name": "Travel Valet Tray", "slug": "travel-valet-tray", "description": "", "price": "45.00", "stock": 5, "available": true, "created": "2022-02-10T23:45:31.806Z", "updated": "2022-04-15T13:03:13.622Z", "photo": "photos/TravelValetTray_EUjvSzB.png", "photo2": "photos/TravelValetTray2.png", "brandimage": "", "color": "white"}}, {"model": "shop.product", "pk": 79, "fields": {"category": 5, "name": "Leather Valet Tray", "slug": "leather-valet-tray", "description": "", "price": "35.00", "stock": 5, "available": true, "created": "2022-02-10T23:45:56.297Z", "updated": "2022-04-15T13:03:07.154Z", "photo": "photos/ValetTray_MXA9JlL.png", "photo2": "photos/ValetTray2.png", "brandimage": "", "color": "white"}}, {"model": "shop.product", "pk": 80, "fields": {"category": 5, "name": "Leather Guitar Strap", "slug": "leather-guitar-strap", "description": "", "price": "85.95", "stock": 5, "available": true, "created": "2022-02-10T23:46:24.350Z", "updated": "2022-04-15T13:02:29.565Z", "photo": "photos/LeatherGuitarStrap_B8A2ue8.png", "photo2": "photos/LeatherGuitarStrap2.png", "brandimage": "photos/svg/Tag_i9o8n4P.svg", "color": "white"}}, {"model": "shop.product", "pk": 81, "fields": {"category": 5, "name": "Leather Waist Bag", "slug": "leather-waist-bag", "description": "", "price": "175.00", "stock": 5, "available": true, "created": "2022-02-10T23:46:50.035Z", "updated": "2022-04-15T13:03:10.408Z", "photo": "photos/LeatherWaistBag_1QUfqdl.png", "photo2": "photos/LeatherWaistBag2.png", "brandimage": "", "color": "white"}}, {"model": "sites.site", "pk": 1, "fields": {"domain": "localhost:3000", "name": "example.com"}}, {"model": "accounts.customuser", "pk": 1, "fields": {"password": "pbkdf2_sha256$260000$c8gCQifWvY5SbB2cmqsFaf$dDtez3SVoKo7eC6236XG9jcnh+zS/VqQcNYtXWClxF8=", "last_login": "2022-04-28T20:22:06.433Z", "is_superuser": true, "first_name": "", "last_name": "", "is_staff": true, "is_active": true, "date_joined": "2022-02-16T22:16:21Z", "username": "admin", "email": "sergey@yahoo.com", "groups": [], "user_permissions": []}}, {"model": "accounts.customuser", "pk": 107, "fields": {"password": "pbkdf2_sha256$320000$XIzaZGi021ZwT6pY8udtaK$zGIKWf0KMJRJ/WdDtUA8y9v5vlMiY+CYAu9QImcrbGs=", "last_login": "2022-02-19T14:15:33.585Z", "is_superuser": false, "first_name": "", "last_name": "", "is_staff": false, "is_active": true, "date_joined": "2022-02-19T13:01:42.100Z", "username": "qwer", "email": "sergeyitaly@yahoo.com", "groups": [], "user_permissions": []}}, {"model": "accounts.customuser", "pk": 108, "fields": {"password": "pbkdf2_sha256$320000$vCqwwnmaJc3wjtRr750V90$4MvSuhyXlO59wU9oVisXdv3MhHzOl0NRF+RU+G/hu1Y=", "last_login": null, "is_superuser": false, "first_name": "", "last_name": "", "is_staff": false, "is_active": false, "date_joined": "2022-02-21T17:27:13.412Z", "username": "Ddsda", "email": "gorbatenko.evgeny2709@gmail.com", "groups": [], "user_permissions": []}}, {"model": "token_blacklist.outstandingtoken", "pk": 45, "fields": {"user": 107, "jti": "6ed98c82596245c189cc88f255cffd02", "token": "eyJ0eXAiOiJKV1QiLCJhbGciOiJIUzI1NiJ9.eyJ0b2tlbl90eXBlIjoicmVmcmVzaCIsImV4cCI6MTY0NTM2NDY0MiwiaWF0IjoxNjQ1Mjc4MjQyLCJqdGkiOiI2ZWQ5OGM4MjU5NjI0NWMxODljYzg4ZjI1NWNmZmQwMiIsInVzZXJfaWQiOjEwN30.uJBFV7kbhp7y6MsSfLDlc79WCIxH4CiuSYVxkHa9J30", "created_at": "2022-02-19T13:44:02.410Z", "expires_at": "2022-02-20T13:44:02Z"}}]